model,time_s,pelvis_height_m,linear_speed_m_s,angular_speed_rad_s,strict_stance,all_body_forces_below_15N
original_rewards2000,0.02,0.17366650700569153,0.8839493989944458,8.780071258544922,0,1
original_rewards2000,0.04,0.17535115778446198,0.4379059076309204,5.08935022354126,0,1
original_rewards2000,0.06,0.1584138423204422,0.9274215698242188,1.7868281602859497,0,1
original_rewards2000,0.08,0.15510693192481995,0.49867409467697144,4.348708152770996,0,0
original_rewards2000,0.1,0.1355160027742386,1.2377647161483765,3.9786112308502197,0,0
original_rewards2000,0.12,0.10084611922502518,1.8970308303833008,7.068181037902832,0,0
original_rewards2000,0.14,0.07519214600324631,0.3183678090572357,2.9437623023986816,0,0
original_rewards2000,0.16,0.07583760470151901,0.3004165291786194,4.118340015411377,0,0
original_rewards2000,0.18,0.07681964337825775,0.38674843311309814,4.784489631652832,0,0
original_rewards2000,0.2,0.07744044810533524,0.4185117185115814,5.434085845947266,0,0
original_rewards2000,0.22,0.07715125381946564,0.42356792092323303,5.9731669425964355,0,0
original_rewards2000,0.24,0.07570739090442657,0.3902815580368042,6.38733434677124,0,0
original_rewards2000,0.26,0.07403266429901123,0.14631438255310059,7.590895175933838,0,0
original_rewards2000,0.28,0.07395584881305695,0.20063096284866333,7.325911998748779,0,0
original_rewards2000,0.3,0.07805684208869934,0.7025615572929382,6.615259647369385,0,0
original_rewards2000,0.32,0.08983016014099121,1.209993600845337,6.646376132965088,0,0
original_rewards2000,0.34,0.10951677709817886,1.6557543277740479,6.885743618011475,0,0
original_rewards2000,0.36,0.13670895993709564,2.0285227298736572,7.557412624359131,0,0
original_rewards2000,0.38,0.16905577480793,2.1726021766662598,4.987794876098633,0,0
original_rewards2000,0.4,0.20395293831825256,2.152315616607666,3.216383934020996,0,0
original_rewards2000,0.42,0.24354025721549988,2.230254650115967,3.6415205001831055,0,1
original_rewards2000,0.44,0.28388556838035583,2.0460057258605957,5.439388751983643,0,1
original_rewards2000,0.46,0.3205955922603607,1.7114949226379395,4.363433837890625,0,1
original_rewards2000,0.48,0.34399935603141785,1.302072286605835,0.3849552571773529,0,0
original_rewards2000,0.5,0.37288495898246765,1.9640315771102905,2.4097583293914795,0,0
original_rewards2000,0.52,0.39861544966697693,1.21406888961792,2.0353150367736816,0,0
original_rewards2000,0.54,0.41624096035957336,1.2363014221191406,3.124648332595825,0,0
original_rewards2000,0.56,0.44726720452308655,1.9547334909439087,1.5314279794692993,0,0
original_rewards2000,0.58,0.4755019545555115,1.2949018478393555,5.110461711883545,0,0
original_rewards2000,0.6,0.4903057813644409,1.672741174697876,8.019280433654785,0,0
original_rewards2000,0.62,0.5130662322044373,1.6965372562408447,3.4924464225769043,0,0
original_rewards2000,0.64,0.5437459349632263,1.8308786153793335,5.472479343414307,0,0
original_rewards2000,0.66,0.5794997215270996,2.0461158752441406,4.375085353851318,0,0
original_rewards2000,0.68,0.6176853775978088,2.06510066986084,4.447996139526367,0,0
original_rewards2000,0.7000000000000001,0.6551775336265564,2.271087408065796,3.0818169116973877,0,0
original_rewards2000,0.72,0.6857000589370728,1.52460515499115,7.976693153381348,0,1
original_rewards2000,0.74,0.7160561680793762,1.988926887512207,5.902997970581055,0,1
original_rewards2000,0.76,0.744804859161377,2.0910778045654297,6.266207218170166,0,1
original_rewards2000,0.78,0.7729550004005432,2.055748224258423,5.626979351043701,0,1
original_rewards2000,0.8,0.7959485650062561,1.1328418254852295,7.211295127868652,0,1
original_rewards2000,0.8200000000000001,0.8158795833587646,0.8609175086021423,0.6115319728851318,0,1
original_rewards2000,0.84,0.828245222568512,1.0793282985687256,2.0949299335479736,0,1
original_rewards2000,0.86,0.8346445560455322,0.8610826134681702,1.8495036363601685,0,1
original_rewards2000,0.88,0.8352254629135132,0.721265435218811,1.8070818185806274,0,1
original_rewards2000,0.9,0.8287442922592163,0.6679595112800598,0.9484867453575134,0,1
original_rewards2000,0.92,0.8138532042503357,0.9704505205154419,1.4399802684783936,0,1
original_rewards2000,0.9400000000000001,0.7895386815071106,1.466505527496338,2.1758806705474854,0,1
original_rewards2000,0.96,0.7616569399833679,1.429781198501587,1.3238497972488403,0,1
original_rewards2000,0.98,0.7302178740501404,1.7981551885604858,1.7778016328811646,0,1
original_rewards2000,1.0,0.6915905475616455,2.0397250652313232,2.401346445083618,0,1
original_rewards2000,1.02,0.6491712927818298,2.1666419506073,1.115920066833496,0,1
original_rewards2000,1.04,0.6057462692260742,2.162827730178833,0.881329357624054,0,1
original_rewards2000,1.06,0.5624036192893982,2.1504781246185303,0.8862027525901794,0,1
original_rewards2000,1.08,0.5190435647964478,2.1585259437561035,0.9213721752166748,0,1
original_rewards2000,1.1,0.4761615991592407,2.13908052444458,1.8589165210723877,0,1
original_rewards2000,1.12,0.43353527784347534,2.1253533363342285,2.0371670722961426,0,1
original_rewards2000,1.1400000000000001,0.38974782824516296,2.2284536361694336,1.9750621318817139,0,1
original_rewards2000,1.16,0.34832170605659485,2.064450979232788,2.933227062225342,0,1
original_rewards2000,1.18,0.309600293636322,2.0048000812530518,4.8438310623168945,0,1
original_rewards2000,1.2,0.27225616574287415,2.0419259071350098,7.560235023498535,0,1
original_rewards2000,1.22,0.2332773357629776,2.049853801727295,2.7437925338745117,0,1
original_rewards2000,1.24,0.19085688889026642,1.6773988008499146,4.767282009124756,0,0
original_rewards2000,1.26,0.16032341122627258,1.7187036275863647,8.04053020477295,0,0
original_rewards2000,1.28,0.1295192986726761,1.36100172996521,3.3446335792541504,0,0
original_rewards2000,1.3,0.10077597945928574,1.7578433752059937,3.468550443649292,0,0
original_rewards2000,1.32,0.0761469304561615,0.6599690914154053,3.341402292251587,0,0
original_rewards2000,1.34,0.06891221553087234,0.4778788685798645,2.5584776401519775,0,0
original_rewards2000,1.36,0.06966203451156616,1.1517354249954224,3.3640217781066895,0,0
original_rewards2000,1.3800000000000001,0.08003964275121689,1.6490192413330078,5.652923107147217,0,0
original_rewards2000,1.4000000000000001,0.09750659018754959,1.8576422929763794,6.320775032043457,0,0
original_rewards2000,1.42,0.12127617746591568,2.0292434692382812,6.864696502685547,0,0
original_rewards2000,1.44,0.1505558341741562,1.9180957078933716,5.703990459442139,0,0
original_rewards2000,1.46,0.1830434948205948,2.0252113342285156,5.73024320602417,0,0
original_rewards2000,1.48,0.21262025833129883,1.6130868196487427,2.601162910461426,0,0
original_rewards2000,1.5,0.2451629787683487,1.7307015657424927,4.2907233238220215,0,0
original_rewards2000,1.52,0.27806949615478516,1.6313745975494385,3.159729480743408,0,0
original_rewards2000,1.54,0.30700409412384033,1.3014110326766968,0.6016715168952942,0,0
original_rewards2000,1.56,0.32904648780822754,1.1131434440612793,1.5542068481445312,0,0
original_rewards2000,1.58,0.3596370220184326,1.9201664924621582,1.3008668422698975,0,0
original_rewards2000,1.6,0.387591689825058,1.196671485900879,3.592862606048584,0,0
original_rewards2000,1.62,0.4199986159801483,2.0181174278259277,2.147876739501953,0,0
original_rewards2000,1.6400000000000001,0.4472651779651642,1.3447892665863037,6.41719388961792,0,0
original_rewards2000,1.6600000000000001,0.46230167150497437,1.627292513847351,8.826956748962402,0,0
original_rewards2000,1.68,0.48778799176216125,1.8443524837493896,5.592881202697754,0,0
original_rewards2000,1.7,0.524600088596344,2.047316312789917,5.035562992095947,0,0
original_rewards2000,1.72,0.5655829906463623,2.112902879714966,4.703282356262207,0,0
original_rewards2000,1.74,0.6076210737228394,2.1004908084869385,4.00398588180542,0,0
original_rewards2000,1.76,0.6471512913703918,2.1397712230682373,2.961859703063965,0,1
original_rewards2000,1.78,0.6795699000358582,1.6124868392944336,6.749360084533691,0,1
original_rewards2000,1.8,0.7115508317947388,1.9668508768081665,5.637936592102051,0,1
original_rewards2000,1.82,0.7420063614845276,2.0222578048706055,6.129306316375732,0,1
original_rewards2000,1.84,0.7684983611106873,1.3427541255950928,7.687753677368164,0,1
original_rewards2000,1.86,0.7924392223358154,1.386526107788086,5.874454021453857,0,1
original_rewards2000,1.8800000000000001,0.811407208442688,0.9534065127372742,1.364203691482544,0,1
original_rewards2000,1.9000000000000001,0.8222002387046814,1.2576665878295898,2.3184545040130615,0,1
original_rewards2000,1.92,0.8265456557273865,1.0721012353897095,1.7644305229187012,0,1
original_rewards2000,1.94,0.8246020674705505,0.9018599987030029,0.9343999624252319,0,1
original_rewards2000,1.96,0.8152941465377808,0.8626052737236023,0.9132586121559143,0,1
original_rewards2000,1.98,0.7972478270530701,1.1193338632583618,1.6156480312347412,0,1
original_rewards2000,2.0,0.7763862013816833,1.2658170461654663,1.8061977624893188,0,1
original_rewards2000,2.02,0.7531061172485352,1.5873677730560303,1.4565672874450684,0,1
original_rewards2000,2.04,0.720698356628418,1.909935474395752,1.9193707704544067,0,1
original_rewards2000,2.06,0.6824623346328735,2.086257219314575,1.7972230911254883,0,1
original_rewards2000,2.08,0.6413601636886597,2.180142402648926,1.97742760181427,0,1
original_rewards2000,2.1,0.5994477272033691,2.1461992263793945,1.7760063409805298,0,1
original_rewards2000,2.12,0.5577370524406433,2.1130239963531494,1.5747612714767456,0,1
original_rewards2000,2.14,0.5157312750816345,2.12644362449646,1.1801403760910034,0,1
original_rewards2000,2.16,0.4728001058101654,2.173089027404785,1.8770993947982788,0,1
original_rewards2000,2.18,0.42994123697280884,2.1398367881774902,2.5450799465179443,0,1
original_rewards2000,2.2,0.3847164809703827,2.1764886379241943,1.5201038122177124,0,1
original_rewards2000,2.22,0.3425164520740509,2.0844900608062744,3.0158398151397705,0,1
original_rewards2000,2.24,0.3021268844604492,2.0212433338165283,4.294926166534424,0,1
original_rewards2000,2.2600000000000002,0.2622999846935272,2.0715723037719727,6.5358476638793945,0,1
original_rewards2000,2.2800000000000002,0.2225656360387802,2.0750298500061035,4.735581398010254,0,1
original_rewards2000,2.3000000000000003,0.17993834614753723,2.141162157058716,1.8561090230941772,0,1
original_rewards2000,2.32,0.14176039397716522,1.594144344329834,6.066935062408447,0,0
original_rewards2000,2.34,0.12843307852745056,1.1633050441741943,3.2601261138916016,0,0
original_rewards2000,2.36,0.10470650345087051,1.596343994140625,4.448023319244385,0,0
original_rewards2000,2.38,0.07158035039901733,1.7191721200942993,3.962076425552368,0,0
original_rewards2000,2.4,0.06594076007604599,0.2017749845981598,3.1326510906219482,0,0
original_rewards2000,2.42,0.07197612524032593,1.3471617698669434,4.170173168182373,0,0
original_rewards2000,2.44,0.08712830394506454,1.6981730461120605,5.510941505432129,0,0
original_rewards2000,2.46,0.11012282967567444,1.9602863788604736,6.114045143127441,0,0
original_rewards2000,2.48,0.1400577425956726,2.174712657928467,6.471201419830322,0,0
original_rewards2000,2.5,0.17614255845546722,2.3600423336029053,6.885895729064941,0,0
original_rewards2000,2.52,0.21279463171958923,2.1145057678222656,4.182397842407227,0,0
original_rewards2000,2.54,0.24806421995162964,1.8557448387145996,5.417919158935547,0,0
original_rewards2000,2.56,0.2813948094844818,1.5512356758117676,2.939436435699463,0,0
original_rewards2000,2.58,0.30739450454711914,1.1914641857147217,0.850580096244812,0,0
original_rewards2000,2.6,0.33493366837501526,1.4472777843475342,0.8016729354858398,0,0
original_rewards2000,2.62,0.369110107421875,1.9663821458816528,0.6947147250175476,0,0
original_rewards2000,2.64,0.39497441053390503,1.2385187149047852,4.191892147064209,0,0
original_rewards2000,2.66,0.40913835167884827,1.3112726211547852,6.31146240234375,0,0
original_rewards2000,2.68,0.43344220519065857,1.8575550317764282,4.599975109100342,0,0
original_rewards2000,2.7,0.4598352909088135,1.778908133506775,7.819441318511963,0,0
original_rewards2000,2.72,0.4913181960582733,2.0472378730773926,5.481800556182861,0,0
original_rewards2000,2.74,0.5313197374343872,2.1549527645111084,4.879870891571045,0,0
original_rewards2000,2.7600000000000002,0.5748509764671326,2.267401933670044,4.128054618835449,0,0
original_rewards2000,2.7800000000000002,0.617732048034668,2.169848918914795,3.992603302001953,0,0
original_rewards2000,2.8000000000000003,0.6571179032325745,2.2455532550811768,2.6689047813415527,0,1
original_rewards2000,2.82,0.688368022441864,1.557943344116211,7.959045886993408,0,1
original_rewards2000,2.84,0.7198852300643921,1.9349329471588135,5.92751932144165,0,1
original_rewards2000,2.86,0.7501454949378967,2.003316640853882,6.199075222015381,0,1
original_rewards2000,2.88,0.777255654335022,1.3525118827819824,5.546913146972656,0,1
original_rewards2000,2.9,0.8006311655044556,1.0420281887054443,1.1493961811065674,0,1
original_rewards2000,2.92,0.8165474534034729,1.3653006553649902,2.336962938308716,0,1
original_rewards2000,2.94,0.8262737393379211,1.205222249031067,2.579498291015625,0,1
original_rewards2000,2.96,0.8309179544448853,0.9772788286209106,1.8963078260421753,0,1
original_rewards2000,2.98,0.8295851945877075,0.7767245173454285,1.019429087638855,0,1
original_rewards2000,3.0,0.8211838006973267,0.7344355583190918,0.4652433693408966,0,1
original_rewards2000,3.02,0.8033002018928528,1.1212248802185059,1.6079846620559692,0,1
original_rewards2000,3.04,0.7820525765419006,1.188218355178833,0.8667168617248535,0,1
original_rewards2000,3.06,0.7580457925796509,1.5547444820404053,0.8675402998924255,0,1
original_rewards2000,3.08,0.7243971824645996,1.9013293981552124,2.2767553329467773,0,1
original_rewards2000,3.1,0.685113787651062,2.0831456184387207,1.9527727365493774,0,1
original_rewards2000,3.12,0.6433455348014832,2.146228075027466,1.0372427701950073,0,1
original_rewards2000,3.14,0.6013321280479431,2.113856554031372,0.7915194034576416,0,1
original_rewards2000,3.16,0.5597072243690491,2.08963942527771,0.7485625743865967,0,1
original_rewards2000,3.18,0.5176007747650146,2.123610496520996,1.8839330673217773,0,1
original_rewards2000,3.2,0.4756433963775635,2.102022886276245,2.3487770557403564,0,1
original_rewards2000,3.22,0.4342414140701294,2.0712461471557617,2.2719485759735107,0,1
original_rewards2000,3.24,0.39095374941825867,2.15625,1.785107135772705,0,1
original_rewards2000,3.2600000000000002,0.34980282187461853,2.0121963024139404,2.461103916168213,0,1
original_rewards2000,3.2800000000000002,0.310261607170105,2.0012269020080566,4.368663787841797,0,1
original_rewards2000,3.3000000000000003,0.27052465081214905,2.1030826568603516,6.845540523529053,0,1
original_rewards2000,3.3200000000000003,0.22975684702396393,2.126335859298706,2.426832914352417,0,1
original_rewards2000,3.34,0.18580494821071625,2.214757204055786,2.04559588432312,0,1
original_rewards2000,3.36,0.15947556495666504,1.5667682886123657,6.200652122497559,0,0
original_rewards2000,3.38,0.1350352019071579,1.5705091953277588,1.7713743448257446,0,0
original_rewards2000,3.4,0.10377269983291626,1.7521538734436035,3.2800846099853516,0,0
original_rewards2000,3.42,0.075899638235569,0.772152841091156,6.779541015625,0,0
original_rewards2000,3.44,0.06568832695484161,0.38445234298706055,4.769959926605225,0,0
original_rewards2000,3.46,0.07057394832372665,0.498254656791687,1.8919395208358765,0,0
original_rewards2000,3.48,0.08372475951910019,1.4374881982803345,4.241376876831055,0,0
original_rewards2000,3.5,0.10231795907020569,1.7340424060821533,5.533753871917725,0,0
original_rewards2000,3.52,0.12442103028297424,1.9395219087600708,5.569097995758057,0,0
original_rewards2000,3.54,0.1507115364074707,2.1098647117614746,5.812800407409668,0,0
original_rewards2000,3.56,0.18224169313907623,2.298463821411133,6.12239933013916,0,0
original_rewards2000,3.58,0.21476441621780396,1.9652239084243774,2.8024847507476807,0,0
original_rewards2000,3.6,0.2472928762435913,1.9541668891906738,5.898924350738525,0,0
original_rewards2000,3.62,0.2804284691810608,1.7201412916183472,4.956252574920654,0,0
original_rewards2000,3.64,0.30865591764450073,1.206244945526123,2.488041400909424,0,0
original_rewards2000,3.66,0.32640403509140015,0.8048363924026489,1.4610470533370972,0,0
original_rewards2000,3.68,0.35159623622894287,1.7583633661270142,1.0648384094238281,0,0
original_rewards2000,3.7,0.39153361320495605,2.154524803161621,0.823286235332489,0,0
original_rewards2000,3.72,0.4231918752193451,1.2393932342529297,2.9391350746154785,0,0
original_rewards2000,3.74,0.43763303756713867,0.9006273150444031,6.365079879760742,0,0
original_rewards2000,3.7600000000000002,0.44543978571891785,1.304032802581787,8.190176963806152,0,0
original_rewards2000,3.7800000000000002,0.4659580588340759,1.622406005859375,6.0442376136779785,0,0
original_rewards2000,3.8000000000000003,0.5027753114700317,2.1057231426239014,4.645050048828125,0,0
original_rewards2000,3.8200000000000003,0.5461455583572388,2.2530791759490967,4.072053909301758,0,0
original_rewards2000,3.84,0.5904616117477417,2.2436537742614746,4.052559852600098,0,0
original_rewards2000,3.86,0.6340924501419067,2.313302755355835,2.8002326488494873,0,0
original_rewards2000,3.88,0.6740719079971313,2.291548728942871,3.6399173736572266,0,1
original_rewards2000,3.9,0.7076349854469299,1.6995031833648682,7.721526145935059,0,1
original_rewards2000,3.92,0.7414158582687378,1.9844391345977783,6.476090908050537,0,1
original_rewards2000,3.94,0.7743247151374817,2.043036460876465,6.78400993347168,0,1
original_rewards2000,3.96,0.8048924803733826,1.5652323961257935,6.903319358825684,0,1
original_rewards2000,3.98,0.8305706977844238,1.4551427364349365,2.225579023361206,0,1
original_rewards2000,4.0,0.8483314514160156,1.6163996458053589,2.867786407470703,0,1
original_rewards2000,4.0200000000000005,0.8604286909103394,1.4006879329681396,2.5159618854522705,0,1
original_rewards2000,4.04,0.8663501739501953,1.1654086112976074,1.7334424257278442,0,1
original_rewards2000,4.0600000000000005,0.865209698677063,0.8968398571014404,0.26534613966941833,0,1
original_rewards2000,4.08,0.8559573292732239,0.8803807497024536,0.8854202032089233,0,1
original_rewards2000,4.1,0.8386828303337097,1.1428571939468384,1.029982089996338,0,1
original_rewards2000,4.12,0.8187901377677917,1.438744306564331,1.4061434268951416,0,1
original_rewards2000,4.14,0.7925507426261902,1.7182408571243286,2.166353225708008,0,1
original_rewards2000,4.16,0.7573415637016296,1.9901591539382935,2.881664752960205,0,1
original_rewards2000,4.18,0.7175295352935791,2.1122987270355225,2.454705238342285,0,1
original_rewards2000,4.2,0.6760750412940979,2.125978469848633,1.0836514234542847,0,1
original_rewards2000,4.22,0.6350491642951965,2.0745832920074463,0.6536045670509338,0,1
original_rewards2000,4.24,0.5943993330001831,2.052640676498413,0.7682039141654968,0,1
original_rewards2000,4.26,0.5536471009254456,2.0790152549743652,2.5012288093566895,0,1
original_rewards2000,4.28,0.5122128129005432,2.1238763332366943,2.5720787048339844,0,1
original_rewards2000,4.3,0.47094202041625977,2.1131374835968018,2.198103189468384,0,1
original_rewards2000,4.32,0.42856884002685547,2.10947322845459,2.631108522415161,0,1
original_rewards2000,4.34,0.3888680040836334,1.985580563545227,2.9508678913116455,0,1
original_rewards2000,4.36,0.35126256942749023,1.9313832521438599,5.061187744140625,0,1
original_rewards2000,4.38,0.31524986028671265,1.8905091285705566,7.525445938110352,0,1
original_rewards2000,4.4,0.27679386734962463,2.1054046154022217,1.9746899604797363,0,1
original_rewards2000,4.42,0.2355596125125885,2.040785789489746,2.1511855125427246,0,1
original_rewards2000,4.44,0.20811612904071808,1.394115924835205,6.4027605056762695,0,0
original_rewards2000,4.46,0.19143296778202057,0.920912504196167,3.025883436203003,0,0
original_rewards2000,4.48,0.17721116542816162,1.3335505723953247,3.422616481781006,0,1
original_rewards2000,4.5,0.15348728001117706,1.8130042552947998,5.312817573547363,0,0
original_rewards2000,4.5200000000000005,0.12328533828258514,2.098806858062744,6.051295280456543,0,0
original_rewards2000,4.54,0.08738797158002853,2.008848190307617,2.573296070098877,0,0
original_rewards2000,4.5600000000000005,0.06481949239969254,0.4492763876914978,3.4769270420074463,0,0
original_rewards2000,4.58,0.07327791303396225,1.6425834894180298,7.689108848571777,0,0
original_rewards2000,4.6000000000000005,0.09073144942522049,1.9410866498947144,8.231714248657227,0,0
original_rewards2000,4.62,0.11423133313655853,2.0146071910858154,4.998644828796387,0,0
original_rewards2000,4.64,0.14231038093566895,2.1233038902282715,4.964362144470215,0,0
original_rewards2000,4.66,0.17456358671188354,2.262924909591675,5.31846284866333,0,0
original_rewards2000,4.68,0.2038046419620514,1.7883974313735962,1.0454890727996826,0,0
original_rewards2000,4.7,0.2352880835533142,1.8629422187805176,1.5596437454223633,0,0
original_rewards2000,4.72,0.26920196413993835,1.943716287612915,4.389404296875,0,0
original_rewards2000,4.74,0.3019750416278839,1.6668397188186646,3.2209086418151855,0,0
original_rewards2000,4.76,0.32715359330177307,1.0335854291915894,0.6993400454521179,0,0
original_rewards2000,4.78,0.3582044541835785,2.0427865982055664,1.6620432138442993,0,0
original_rewards2000,4.8,0.39857858419418335,2.0400311946868896,0.4447430670261383,0,0
original_rewards2000,4.82,0.4391143023967743,2.052551031112671,0.7928414940834045,0,0
original_rewards2000,4.84,0.46775010228157043,1.0654900074005127,4.439147472381592,0,0
original_rewards2000,4.86,0.48429781198501587,0.9592326879501343,6.474733352661133,0,0
original_rewards2000,4.88,0.4971219301223755,1.3246026039123535,8.256863594055176,0,0
original_rewards2000,4.9,0.5196515917778015,1.5951118469238281,5.638534069061279,0,0
original_rewards2000,4.92,0.5544721484184265,2.000101327896118,4.859151363372803,0,0
original_rewards2000,4.94,0.5939480066299438,2.1014039516448975,4.527031898498535,0,0
original_rewards2000,4.96,0.635242223739624,2.318944215774536,3.1050283908843994,0,0
original_rewards2000,4.98,0.6743979454040527,2.3227953910827637,3.340946912765503,0,1
original_rewards2000,5.0,0.707617998123169,1.6704155206680298,7.509758949279785,0,1
original_rewards2000,5.0200000000000005,0.740695059299469,1.97489333152771,6.76666259765625,0,1
original_rewards2000,5.04,0.7727776765823364,2.0191571712493896,6.916398048400879,0,1
original_rewards2000,5.0600000000000005,0.8006312847137451,1.4011040925979614,6.694186210632324,0,1
original_rewards2000,5.08,0.8227970600128174,1.186748743057251,0.9193411469459534,0,1
original_rewards2000,5.1000000000000005,0.8359217047691345,1.231425166130066,1.8738514184951782,0,1
original_rewards2000,5.12,0.8417041897773743,1.0819246768951416,2.199352741241455,0,1
original_rewards2000,5.14,0.8404602408409119,0.9542580842971802,1.722008228302002,0,1
original_rewards2000,5.16,0.8315631151199341,0.9182667136192322,1.9437968730926514,0,1
original_rewards2000,5.18,0.8212140202522278,1.0459911823272705,4.784863471984863,0,1
original_rewards2000,5.2,0.8016284108161926,1.382328748703003,2.826632261276245,0,1
original_rewards2000,5.22,0.7767259478569031,1.5125752687454224,1.8478344678878784,0,1
original_rewards2000,5.24,0.7475566267967224,1.7636948823928833,1.8126935958862305,0,1
original_rewards2000,5.26,0.7118803262710571,1.9868720769882202,1.9722081422805786,0,1
original_rewards2000,5.28,0.6727334856987,2.073146343231201,1.489866018295288,0,1
original_rewards2000,5.3,0.6324321031570435,2.0894722938537598,0.7629799246788025,0,1
original_rewards2000,5.32,0.5914909243583679,2.122192621231079,1.0779675245285034,0,1
original_rewards2000,5.34,0.5498576760292053,2.136451005935669,1.7609468698501587,0,1
original_rewards2000,5.36,0.5089082717895508,2.0857574939727783,2.5030815601348877,0,1
original_rewards2000,5.38,0.4690017104148865,2.0251946449279785,2.448979139328003,0,1
original_rewards2000,5.4,0.4276924133300781,2.017016649246216,2.8296995162963867,0,1
original_rewards2000,5.42,0.3900015652179718,1.860120177268982,3.3973331451416016,0,1
original_rewards2000,5.44,0.35391566157341003,1.9228543043136597,5.780146598815918,0,1
original_rewards2000,5.46,0.31917354464530945,1.7993016242980957,8.103971481323242,0,1
original_rewards2000,5.48,0.2823990285396576,1.977461338043213,2.5750975608825684,0,1
original_rewards2000,5.5,0.2410144954919815,2.10558819770813,3.1972098350524902,0,1
original_rewards2000,5.5200000000000005,0.21916642785072327,1.5206571817398071,1.6257648468017578,0,0
original_rewards2000,5.54,0.1929122358560562,1.1267633438110352,5.215749740600586,0,0
original_rewards2000,5.5600000000000005,0.17381832003593445,1.4521257877349854,4.545777797698975,0,0
original_rewards2000,5.58,0.1471090316772461,1.7640159130096436,5.630029201507568,0,0
original_rewards2000,5.6000000000000005,0.11694177240133286,1.9408835172653198,6.659018516540527,0,0
original_rewards2000,5.62,0.08370094001293182,1.844097375869751,4.4060235023498535,0,0
original_rewards2000,5.64,0.06693105399608612,0.25934040546417236,3.3913533687591553,0,0
original_rewards2000,5.66,0.07262208312749863,1.3422434329986572,6.380915641784668,0,0
original_rewards2000,5.68,0.08754660934209824,1.5262551307678223,4.069616317749023,0,0
original_rewards2000,5.7,0.10918701440095901,1.7886613607406616,4.68134880065918,0,0
original_rewards2000,5.72,0.1370377540588379,2.0124199390411377,5.172003746032715,0,0
original_rewards2000,5.74,0.17053374648094177,2.2044196128845215,5.759587287902832,0,0
original_rewards2000,5.76,0.20252153277397156,1.6727077960968018,1.5816736221313477,0,0
original_rewards2000,5.78,0.23602940142154694,1.8707329034805298,5.172952651977539,0,0
original_rewards2000,5.8,0.2717387080192566,1.8313713073730469,4.389598846435547,0,0
original_rewards2000,5.82,0.30407097935676575,1.4845882654190063,2.0978050231933594,0,0
original_rewards2000,5.84,0.3269946575164795,1.1254359483718872,1.324776530265808,0,0
original_rewards2000,5.86,0.3562942445278168,1.938432216644287,0.7828671336174011,0,0
original_rewards2000,5.88,0.38322436809539795,1.1762070655822754,3.342974901199341,0,0
original_rewards2000,5.9,0.41651231050491333,2.1311426162719727,1.2277977466583252,0,0
original_rewards2000,5.92,0.44568029046058655,1.2738794088363647,5.448753356933594,0,0
original_rewards2000,5.94,0.4618293046951294,1.5303024053573608,7.742074012756348,0,0
original_rewards2000,5.96,0.4890744388103485,1.9024394750595093,5.55776309967041,0,0
original_rewards2000,5.98,0.5285718441009521,2.2169628143310547,4.274877548217773,0,0
original_rewards2000,6.0,0.5726348161697388,2.3056859970092773,4.005941867828369,0,0
original_rewards2000,6.0200000000000005,0.6162360310554504,2.1924397945404053,3.919862985610962,0,0
original_rewards2000,6.04,0.6561462879180908,2.2122533321380615,2.575321912765503,0,1
original_rewards2000,6.0600000000000005,0.6888232231140137,1.6515872478485107,8.263115882873535,0,1
original_rewards2000,6.08,0.7205427885055542,1.9001625776290894,6.068742752075195,0,1
original_rewards2000,6.1000000000000005,0.7503650784492493,1.9824776649475098,6.236252784729004,0,1
original_rewards2000,6.12,0.7792995572090149,1.9977320432662964,6.574459552764893,0,1
original_rewards2000,6.140000000000001,0.8032259345054626,1.2615009546279907,7.388613224029541,0,1
original_rewards2000,6.16,0.8240792155265808,0.9859668016433716,0.9580804109573364,0,1
original_rewards2000,6.18,0.8377622961997986,1.3375163078308105,2.9797933101654053,0,1
original_rewards2000,6.2,0.8448947072029114,1.2195619344711304,2.6752545833587646,0,1
original_rewards2000,6.22,0.8457647562026978,1.0831444263458252,1.9545761346817017,0,1
original_rewards2000,6.24,0.8394710421562195,0.9233046770095825,0.4573206901550293,0,1
original_rewards2000,6.26,0.8243040442466736,1.1194539070129395,1.0296111106872559,0,1
original_rewards2000,6.28,0.7998118996620178,1.5180343389511108,2.259629011154175,0,1
original_rewards2000,6.3,0.7727175951004028,1.5097498893737793,3.0513463020324707,0,1
original_rewards2000,6.32,0.7436736822128296,1.7825822830200195,2.8713159561157227,0,1
original_rewards2000,6.34,0.7078437209129333,2.005988359451294,2.5270466804504395,0,1
original_rewards2000,6.36,0.6688538193702698,2.0947232246398926,1.5421961545944214,0,1
original_rewards2000,6.38,0.6293026208877563,2.0826215744018555,0.820874035358429,0,1
original_rewards2000,6.4,0.5900323390960693,2.052516222000122,0.9003118872642517,0,1
original_rewards2000,6.42,0.5508126616477966,2.052262783050537,1.1171530485153198,0,1
original_rewards2000,6.44,0.5108599662780762,2.102872848510742,2.331190586090088,0,1
original_rewards2000,6.46,0.4706867039203644,2.0894508361816406,2.789128541946411,0,1
original_rewards2000,6.48,0.42704346776008606,2.243762493133545,2.248305320739746,0,1
original_rewards2000,6.5,0.3854675590991974,2.0927414894104004,2.2569942474365234,0,1
original_rewards2000,6.5200000000000005,0.346394807100296,2.04107666015625,3.4725732803344727,0,1
original_rewards2000,6.54,0.30715927481651306,2.1661014556884766,5.663501262664795,0,1
original_rewards2000,6.5600000000000005,0.2684001624584198,2.0056190490722656,3.5735926628112793,0,1
original_rewards2000,6.58,0.22644852101802826,2.1931376457214355,2.2459912300109863,0,1
original_rewards2000,6.6000000000000005,0.19434192776679993,1.2747420072555542,2.2485663890838623,0,0
original_rewards2000,6.62,0.17218196392059326,1.612165093421936,8.581513404846191,0,0
original_rewards2000,6.640000000000001,0.14455494284629822,1.8728843927383423,2.8139758110046387,0,0
original_rewards2000,6.66,0.11009121686220169,2.047579765319824,3.682781934738159,0,0
original_rewards2000,6.68,0.0831146389245987,0.5369735956192017,5.389698028564453,0,0
original_rewards2000,6.7,0.0730433389544487,0.5386413931846619,4.879960060119629,0,0
original_rewards2000,6.72,0.06813521683216095,0.2685694396495819,3.754000186920166,0,0
original_rewards2000,6.74,0.0747680738568306,1.2152786254882812,3.526546001434326,0,0
original_rewards2000,6.76,0.09235049784183502,1.5776045322418213,5.110724449157715,0,0
original_rewards2000,6.78,0.11867298185825348,1.8521109819412231,5.702463626861572,0,0
original_rewards2000,6.8,0.15087105333805084,2.0194778442382812,6.041599273681641,0,1
original_rewards2000,6.82,0.1859893947839737,2.0464909076690674,5.868137836456299,0,0
original_rewards2000,6.84,0.21973446011543274,1.7402631044387817,4.679444313049316,0,0
original_rewards2000,6.86,0.24314437806606293,1.2225085496902466,4.439622402191162,0,0
original_rewards2000,6.88,0.2646515965461731,1.168751835823059,3.083009719848633,0,0
original_rewards2000,6.9,0.2828039526939392,0.7805679440498352,2.135490894317627,0,0
original_rewards2000,6.92,0.29376983642578125,0.6373152732849121,1.1726089715957642,0,0
original_rewards2000,6.94,0.29548534750938416,0.9387513399124146,3.405979871749878,0,0
original_rewards2000,6.96,0.30671030282974243,0.9703128337860107,1.63889741897583,0,0
original_rewards2000,6.98,0.33145689964294434,1.571320652961731,1.2276842594146729,0,0
original_rewards2000,7.0,0.3662910759449005,1.9340271949768066,1.650423288345337,0,0
original_rewards2000,7.0200000000000005,0.3958008289337158,1.2516533136367798,4.026566028594971,0,0
original_rewards2000,7.04,0.41239795088768005,1.0295045375823975,7.075003147125244,0,0
original_rewards2000,7.0600000000000005,0.42452535033226013,1.4239696264266968,9.159607887268066,0,0
original_rewards2000,7.08,0.44935187697410583,1.718605637550354,6.409196376800537,0,0
original_rewards2000,7.1000000000000005,0.48560991883277893,1.9757708311080933,4.938892841339111,0,0
original_rewards2000,7.12,0.5259082913398743,2.064410448074341,4.38236141204834,0,0
original_rewards2000,7.140000000000001,0.5678220987319946,2.1976490020751953,3.7501978874206543,0,0
original_rewards2000,7.16,0.608900249004364,2.1799120903015137,3.647916555404663,0,1
original_rewards2000,7.18,0.6415989398956299,1.6799228191375732,7.200491428375244,0,1
original_rewards2000,7.2,0.675999641418457,1.8669886589050293,6.51973295211792,0,1
original_rewards2000,7.22,0.7106291055679321,1.951917052268982,6.808443546295166,0,1
original_rewards2000,7.24,0.7380253672599792,1.6376922130584717,7.964612007141113,0,1
original_rewards2000,7.26,0.7590173482894897,1.6653203964233398,1.857472538948059,0,1
original_rewards2000,7.28,0.7708726525306702,2.1108481884002686,4.307236671447754,0,1
original_rewards2000,7.3,0.774547815322876,1.6099231243133545,1.6797590255737305,0,1
original_rewards2000,7.32,0.771869957447052,1.359513282775879,0.2721571624279022,0,1
original_rewards2000,7.34,0.7609831094741821,1.261461615562439,0.9204846620559692,0,1
original_rewards2000,7.36,0.7423727512359619,1.2859560251235962,1.4424954652786255,0,1
original_rewards2000,7.38,0.7222675681114197,1.7373510599136353,3.6797149181365967,0,1
original_rewards2000,7.4,0.6930456161499023,1.8123817443847656,4.413230895996094,0,1
original_rewards2000,7.42,0.6590178608894348,1.989702820777893,1.754564642906189,0,1
original_rewards2000,7.44,0.62259840965271,2.038560152053833,1.7277151346206665,0,1
original_rewards2000,7.46,0.5852491855621338,2.002939224243164,1.0027925968170166,0,1
original_rewards2000,7.48,0.547640323638916,1.9772722721099854,0.41656798124313354,0,1
original_rewards2000,7.5,0.5093286037445068,1.9989112615585327,1.947704553604126,0,1
original_rewards2000,7.5200000000000005,0.4701235592365265,2.038311243057251,2.487130880355835,0,1
original_rewards2000,7.54,0.43131500482559204,2.009629249572754,2.2360219955444336,0,1
original_rewards2000,7.5600000000000005,0.3908069431781769,2.0160253047943115,2.1127583980560303,0,1
original_rewards2000,7.58,0.3536299467086792,1.869589924812317,3.4058799743652344,0,1
original_rewards2000,7.6000000000000005,0.3190719187259674,1.7932870388031006,5.251612663269043,0,1
original_rewards2000,7.62,0.28641748428344727,1.6527639627456665,7.504011631011963,0,1
original_rewards2000,7.640000000000001,0.2518151104450226,2.0504841804504395,1.713548183441162,0,1
original_rewards2000,7.66,0.21486765146255493,1.8787089586257935,1.8544211387634277,0,1
original_rewards2000,7.68,0.18809092044830322,1.4642082452774048,6.251697540283203,0,0
original_rewards2000,7.7,0.16660179197788239,1.419689655303955,3.679384231567383,0,0
original_rewards2000,7.72,0.14276652038097382,1.7618552446365356,4.390002727508545,0,1
original_rewards2000,7.74,0.11358017474412918,1.9598069190979004,5.973701477050781,0,0
original_rewards2000,7.76,0.07972535490989685,1.9037545919418335,2.3819644451141357,0,0
original_rewards2000,7.78,0.06715091317892075,0.37624502182006836,2.4570984840393066,0,0
original_rewards2000,7.8,0.077292799949646,1.412699818611145,3.5934488773345947,0,0
original_rewards2000,7.82,0.0964319184422493,1.7748405933380127,4.8764472007751465,0,0
original_rewards2000,7.84,0.12189044058322906,2.003931760787964,5.289730548858643,0,0
original_rewards2000,7.86,0.15301522612571716,2.2021915912628174,5.930572986602783,0,0
original_rewards2000,7.88,0.18507930636405945,1.9644147157669067,3.170339345932007,0,0
original_rewards2000,7.9,0.2204962521791458,1.9978810548782349,6.610714435577393,0,0
original_rewards2000,7.92,0.25198039412498474,1.3735945224761963,4.992260456085205,0,0
original_rewards2000,7.94,0.27506139874458313,1.013478398323059,3.767915725708008,0,0
original_rewards2000,7.96,0.29044869542121887,0.916472315788269,3.57517409324646,0,0
original_rewards2000,7.98,0.3157351315021515,1.7105474472045898,1.9791293144226074,0,0
original_rewards2000,8.0,0.3538111448287964,2.1270625591278076,1.535029649734497,0,0
original_rewards2000,8.02,0.38588839769363403,1.301964521408081,2.88041353225708,0,0
original_rewards2000,8.040000000000001,0.41134944558143616,1.3104357719421387,4.261559009552002,0,0
original_rewards2000,8.06,0.4274654984474182,1.2522600889205933,7.252661228179932,0,0
original_rewards2000,8.08,0.451863169670105,1.6540136337280273,5.549016952514648,0,0
original_rewards2000,8.1,0.4869295358657837,1.8937815427780151,4.338724136352539,0,0
original_rewards2000,8.120000000000001,0.5252183675765991,1.96372652053833,4.229061603546143,0,0
original_rewards2000,8.14,0.565324604511261,2.167243003845215,4.81869649887085,0,0
original_rewards2000,8.16,0.6061792969703674,2.244479179382324,4.722191333770752,0,1
original_rewards2000,8.18,0.6402431130409241,1.692689299583435,7.223310470581055,0,1
original_rewards2000,8.2,0.6754752993583679,2.042307138442993,6.5190558433532715,0,1
original_rewards2000,8.22,0.7104858160018921,2.161750316619873,6.637984752655029,0,1
original_rewards2000,8.24,0.7409160733222961,1.551081657409668,7.723851680755615,0,1
original_rewards2000,8.26,0.7688325643539429,1.662402868270874,9.26932144165039,0,1
original_rewards2000,8.28,0.7918165326118469,1.1243174076080322,5.9579339027404785,0,1
original_rewards2000,8.3,0.8057841062545776,1.115504503250122,2.0587880611419678,0,1
original_rewards2000,8.32,0.8109169006347656,0.9060841202735901,1.9831334352493286,0,1
original_rewards2000,8.34,0.8084984421730042,0.7184257507324219,0.9459414482116699,0,1
original_rewards2000,8.36,0.7960562109947205,0.92823725938797,1.086188554763794,0,1
original_rewards2000,8.38,0.7796606421470642,1.2482666969299316,2.405590534210205,0,1
original_rewards2000,8.4,0.7596412897109985,1.54148530960083,1.029556155204773,0,1
original_rewards2000,8.42,0.7299428582191467,1.8266050815582275,1.6933515071868896,0,1
original_rewards2000,8.44,0.6940542459487915,1.9884344339370728,1.7586122751235962,0,1
original_rewards2000,8.46,0.6552722454071045,2.0300395488739014,1.882554292678833,0,1
original_rewards2000,8.48,0.6154976487159729,2.0154836177825928,2.1896309852600098,0,1
original_rewards2000,8.5,0.5752466917037964,2.001375675201416,1.9283474683761597,0,1
original_rewards2000,8.52,0.5351979732513428,1.9775320291519165,1.391790509223938,0,1
original_rewards2000,8.540000000000001,0.49515917897224426,1.9876151084899902,1.4640834331512451,0,1
original_rewards2000,8.56,0.45416784286499023,2.0573744773864746,1.8847782611846924,0,1
original_rewards2000,8.58,0.4138038456439972,1.9298526048660278,1.4751275777816772,0,1
original_rewards2000,8.6,0.37452080845832825,1.9593563079833984,2.816274404525757,0,1
original_rewards2000,8.620000000000001,0.33649247884750366,1.8746678829193115,3.4458882808685303,0,1
original_rewards2000,8.64,0.2994936406612396,1.8897684812545776,5.650705337524414,0,1
original_rewards2000,8.66,0.26448145508766174,1.7411601543426514,7.940342903137207,0,1
original_rewards2000,8.68,0.22746947407722473,1.9886730909347534,0.4806891679763794,0,1
original_rewards2000,8.700000000000001,0.18761330842971802,1.9623185396194458,0.9762499928474426,0,1
original_rewards2000,8.72,0.16573452949523926,1.3822243213653564,6.797499179840088,0,1
original_rewards2000,8.74,0.16202715039253235,1.434916377067566,4.334944248199463,0,1
original_rewards2000,8.76,0.14934872090816498,1.5790661573410034,5.237754821777344,0,1
original_rewards2000,8.78,0.13075004518032074,1.70866858959198,5.570733070373535,0,1
original_rewards2000,8.8,0.10793904215097427,1.5696938037872314,3.028445243835449,0,0
original_rewards2000,8.82,0.07834093272686005,1.5620570182800293,1.8955163955688477,0,0
original_rewards2000,8.84,0.06679397821426392,0.2495759129524231,3.7259273529052734,0,0
original_rewards2000,8.86,0.07368921488523483,1.6843754053115845,6.81195592880249,0,0
original_rewards2000,8.88,0.09235081821680069,1.9592976570129395,7.570407390594482,0,0
original_rewards2000,8.9,0.11859409511089325,2.007380247116089,4.40895938873291,0,0
original_rewards2000,8.92,0.15058043599128723,2.174715280532837,4.633175373077393,0,0
original_rewards2000,8.94,0.18716295063495636,2.272739887237549,4.827560901641846,0,0
original_rewards2000,8.96,0.21804454922676086,1.6117825508117676,0.9082878232002258,0,0
original_rewards2000,8.98,0.24998366832733154,1.7997334003448486,3.9644086360931396,0,0
original_rewards2000,9.0,0.28347888588905334,1.7366721630096436,3.4150683879852295,0,0
original_rewards2000,9.02,0.3137330114841461,1.3661878108978271,1.332259178161621,0,0
original_rewards2000,9.040000000000001,0.33521950244903564,0.8800685405731201,1.6086233854293823,0,0
original_rewards2000,9.06,0.36305689811706543,1.9068195819854736,0.3684857487678528,0,0
original_rewards2000,9.08,0.40501782298088074,2.1608965396881104,0.43745332956314087,0,0
original_rewards2000,9.1,0.44540315866470337,1.9998302459716797,2.162358045578003,0,0
original_rewards2000,9.120000000000001,0.47374993562698364,1.138381838798523,5.471240043640137,0,0
original_rewards2000,9.14,0.49136069416999817,1.2639391422271729,7.376511096954346,0,0
original_rewards2000,9.16,0.5064148306846619,1.5866891145706177,8.524445533752441,0,1
original_rewards2000,9.18,0.5304771661758423,1.7858394384384155,5.614758014678955,0,0
original_rewards2000,9.200000000000001,0.5644070506095886,1.9332406520843506,5.430352687835693,0,0
original_rewards2000,9.22,0.6019264459609985,2.0783514976501465,4.229504108428955,0,0
original_rewards2000,9.24,0.6420475244522095,2.2578186988830566,3.261441946029663,0,0
original_rewards2000,9.26,0.6796769499778748,2.260082244873047,3.0793585777282715,0,1
original_rewards2000,9.28,0.7098478078842163,1.5306607484817505,8.207147598266602,0,1
original_rewards2000,9.3,0.7407819032669067,1.8834203481674194,6.649686813354492,0,1
original_rewards2000,9.32,0.7714954018592834,1.8646422624588013,5.8782219886779785,0,1
original_rewards2000,9.34,0.796661376953125,1.2611452341079712,6.354547500610352,0,1
original_rewards2000,9.36,0.8180384635925293,1.0177555084228516,0.4408753216266632,0,1
original_rewards2000,9.38,0.8312387466430664,1.1520745754241943,2.1637203693389893,0,1
original_rewards2000,9.4,0.8373655080795288,0.979988694190979,2.1033802032470703,0,1
original_rewards2000,9.42,0.8360397219657898,0.8811894655227661,1.6624194383621216,0,1
original_rewards2000,9.44,0.8261648416519165,0.914167582988739,1.299151062965393,0,1
original_rewards2000,9.46,0.8059664964675903,1.2688767910003662,1.6029400825500488,0,1
original_rewards2000,9.48,0.7820478677749634,1.3939530849456787,1.6305218935012817,0,1
original_rewards2000,9.5,0.7556111216545105,1.7071669101715088,0.811663806438446,0,1
original_rewards2000,9.52,0.7204575538635254,2.0086920261383057,1.6285752058029175,0,1
original_rewards2000,9.540000000000001,0.6799715161323547,2.1424849033355713,2.2031943798065186,0,1
original_rewards2000,9.56,0.6373628377914429,2.199310064315796,1.7304527759552002,0,1
original_rewards2000,9.58,0.594287633895874,2.14833402633667,1.4257566928863525,0,1
original_rewards2000,9.6,0.5516929626464844,2.121061325073242,1.1486873626708984,0,1
original_rewards2000,9.620000000000001,0.5088043808937073,2.148695468902588,1.6215012073516846,0,1
original_rewards2000,9.64,0.46642595529556274,2.107646942138672,2.1910815238952637,0,1
original_rewards2000,9.66,0.4220888912677765,2.227263927459717,1.8366442918777466,0,1
original_rewards2000,9.68,0.3814034163951874,1.9934107065200806,3.143495559692383,0,1
original_rewards2000,9.700000000000001,0.3437112867832184,1.9114711284637451,3.5322940349578857,0,1
original_rewards2000,9.72,0.30697301030158997,1.9663752317428589,5.941545486450195,0,1
original_rewards2000,9.74,0.27247917652130127,1.8395922183990479,8.345346450805664,0,1
original_rewards2000,9.76,0.23516590893268585,2.0133304595947266,2.2893290519714355,0,1
original_rewards2000,9.78,0.19499942660331726,1.626471996307373,4.831156253814697,0,0
original_rewards2000,9.8,0.16704486310482025,1.628350853919983,1.2878360748291016,0,0
original_rewards2000,9.82,0.14440937340259552,1.4965933561325073,2.3639097213745117,0,0
original_rewards2000,9.84,0.11445820331573486,1.8913068771362305,4.291732311248779,0,0
original_rewards2000,9.86,0.07700753957033157,1.9828341007232666,3.2858362197875977,0,0
original_rewards2000,9.88,0.06546210497617722,0.22257471084594727,1.5271066427230835,0,0
original_rewards2000,9.9,0.07355731725692749,1.4796714782714844,7.362610340118408,0,0
original_rewards2000,9.92,0.08987937867641449,1.7114627361297607,5.224482536315918,0,0
original_rewards2000,9.94,0.11250505596399307,1.9634134769439697,5.463576793670654,0,0
original_rewards2000,9.96,0.14131468534469604,2.1780600547790527,6.063040256500244,0,0
original_rewards2000,9.98,0.17212249338626862,1.9731658697128296,3.1263487339019775,0,0
original_rewards2000,10.0,0.206858292222023,1.84611177444458,3.530888557434082,0,0
selected2248,0.02,0.19336135685443878,0.315316379070282,1.239380121231079,0,1
selected2248,0.04,0.19582581520080566,0.18843649327754974,1.2410991191864014,0,1
selected2248,0.06,0.19328707456588745,0.3051658570766449,1.5360780954360962,0,0
selected2248,0.08,0.1936684101819992,0.2131035327911377,1.751295804977417,0,0
selected2248,0.1,0.1892210692167282,0.37947624921798706,1.9694242477416992,0,0
selected2248,0.12,0.16684238612651825,1.3239635229110718,10.477835655212402,0,0
selected2248,0.14,0.1354375034570694,2.071845293045044,6.030750751495361,0,0
selected2248,0.16,0.08997403830289841,2.3699541091918945,7.198299407958984,0,0
selected2248,0.18,0.07505259662866592,0.3627516031265259,3.240259885787964,0,0
selected2248,0.2,0.07588841766119003,0.26365554332733154,5.388643264770508,0,0
selected2248,0.22,0.07677319645881653,0.27494004368782043,5.978504657745361,0,0
selected2248,0.24,0.07740608602762222,0.37982890009880066,5.904691696166992,0,0
selected2248,0.26,0.0771026611328125,0.39957424998283386,6.50111722946167,0,0
selected2248,0.28,0.07547557353973389,0.32088136672973633,7.346598148345947,0,0
selected2248,0.3,0.07484958320856094,0.07931043207645416,8.590510368347168,0,0
selected2248,0.32,0.07664571702480316,0.5071313381195068,6.767736911773682,0,0
selected2248,0.34,0.08388213068246841,0.9141488075256348,4.034679412841797,0,0
selected2248,0.36,0.10009784996509552,1.2643179893493652,1.93340003490448,0,0
selected2248,0.38,0.12664315104484558,1.6981666088104248,4.548976421356201,0,0
selected2248,0.4,0.1598903238773346,1.8997888565063477,8.423948287963867,0,0
selected2248,0.42,0.1960456669330597,1.8425031900405884,5.0563554763793945,0,0
selected2248,0.44,0.2325722724199295,1.8013017177581787,3.219034194946289,0,0
selected2248,0.46,0.26713109016418457,1.732175350189209,2.3924221992492676,0,0
selected2248,0.48,0.300959974527359,1.8098164796829224,3.228905439376831,0,0
selected2248,0.5,0.33563360571861267,1.889452338218689,2.8247852325439453,0,0
selected2248,0.52,0.37411269545555115,2.113708734512329,1.9113737344741821,0,0
selected2248,0.54,0.41694825887680054,2.265669345855713,1.3777918815612793,0,0
selected2248,0.56,0.46218496561050415,2.3385608196258545,1.126671314239502,0,0
selected2248,0.58,0.5070317983627319,2.2926692962646484,1.1714954376220703,0,0
selected2248,0.6,0.5493874549865723,2.2826952934265137,2.6630783081054688,0,0
selected2248,0.62,0.5870734453201294,2.235015630722046,3.700652599334717,0,0
selected2248,0.64,0.6181524395942688,1.9666248559951782,2.1643543243408203,0,1
selected2248,0.66,0.643470823764801,2.016436815261841,4.321562767028809,0,1
selected2248,0.68,0.6626628637313843,1.7694278955459595,2.982619524002075,0,1
selected2248,0.7000000000000001,0.6765189170837402,1.4194613695144653,2.4965360164642334,0,1
selected2248,0.72,0.6858373880386353,1.131716251373291,1.9844187498092651,0,1
selected2248,0.74,0.69151371717453,0.7570186257362366,1.109208106994629,0,0
selected2248,0.76,0.6944505572319031,0.481527715921402,0.2718503773212433,0,0
selected2248,0.78,0.6947094202041626,0.3080647885799408,0.16602149605751038,0,0
selected2248,0.8,0.6920076012611389,0.3702244162559509,0.16191673278808594,0,0
selected2248,0.8200000000000001,0.6873427033424377,0.3932882249355316,0.23905175924301147,0,0
selected2248,0.84,0.6815094947814941,0.3361833989620209,0.534892737865448,0,0
selected2248,0.86,0.6760921478271484,0.24505947530269623,0.14028067886829376,1,0
selected2248,0.88,0.671348512172699,0.16175401210784912,0.9312542080879211,0,0
selected2248,0.9,0.6703234910964966,0.06828903406858444,0.2917465269565582,1,0
selected2248,0.92,0.6700775623321533,0.15910638868808746,0.20846614241600037,1,0
selected2248,0.9400000000000001,0.6697974801063538,0.14013153314590454,0.44382429122924805,0,0
selected2248,0.96,0.6694318056106567,0.1902407705783844,0.19210241734981537,1,0
selected2248,0.98,0.6690717339515686,0.13411714136600494,0.21263949573040009,1,0
selected2248,1.0,0.6689806580543518,0.08236546814441681,0.217558354139328,1,0
selected2248,1.02,0.6689368486404419,0.03395968675613403,0.2614618241786957,1,0
selected2248,1.04,0.6689099669456482,0.018626658245921135,0.0947657898068428,1,0
selected2248,1.06,0.6688811182975769,0.03747299686074257,0.07182154804468155,1,0
selected2248,1.08,0.6688100695610046,0.047686390578746796,0.14604884386062622,1,0
selected2248,1.1,0.6688558459281921,0.039827510714530945,0.1869344562292099,1,0
selected2248,1.12,0.6689170598983765,0.01677314192056656,0.11739461869001389,1,0
selected2248,1.1400000000000001,0.6688972115516663,0.026230158284306526,0.0871647447347641,1,0
selected2248,1.16,0.6688210964202881,0.031164994463324547,0.10237739980220795,1,0
selected2248,1.18,0.6687498688697815,0.02231503091752529,0.14243720471858978,1,0
selected2248,1.2,0.6686990857124329,0.024568909779191017,0.1653989851474762,1,0
selected2248,1.22,0.6686543822288513,0.030341390520334244,0.14415448904037476,1,0
selected2248,1.24,0.6685918569564819,0.03111417405307293,0.13150513172149658,1,0
selected2248,1.26,0.6685077548027039,0.03334623947739601,0.11530973762273788,1,0
selected2248,1.28,0.6684132218360901,0.03853227570652962,0.11231184005737305,1,0
selected2248,1.3,0.6683220863342285,0.03825070708990097,0.10033771395683289,1,0
selected2248,1.32,0.6682363152503967,0.03783724084496498,0.08612490445375443,1,0
selected2248,1.34,0.6681535243988037,0.035896092653274536,0.06675682961940765,1,0
selected2248,1.36,0.6680727005004883,0.03219347447156906,0.049493458122015,1,0
selected2248,1.3800000000000001,0.6679976582527161,0.027407923713326454,0.03428095206618309,1,0
selected2248,1.4000000000000001,0.6679346561431885,0.021808240562677383,0.017664382234215736,1,0
selected2248,1.42,0.6678880453109741,0.01569850742816925,0.014608766883611679,1,0
selected2248,1.44,0.6678593754768372,0.00980983953922987,0.028572531417012215,1,0
selected2248,1.46,0.6678447723388672,0.0063544223085045815,0.058367397636175156,1,0
selected2248,1.48,0.6678498983383179,0.011014002375304699,0.09119364619255066,1,0
selected2248,1.5,0.6678715348243713,0.016289498656988144,0.1132035106420517,1,0
selected2248,1.52,0.6679041385650635,0.019978851079940796,0.10638061165809631,1,0
selected2248,1.54,0.6679447889328003,0.023385897278785706,0.09170684218406677,1,0
selected2248,1.56,0.6679954528808594,0.029549015685915947,0.11181847006082535,1,0
selected2248,1.58,0.6680574417114258,0.0314439982175827,0.12795816361904144,1,0
selected2248,1.6,0.6681182980537415,0.033739905804395676,0.12924158573150635,1,0
selected2248,1.62,0.668184220790863,0.03537008538842201,0.13675452768802643,1,0
selected2248,1.6400000000000001,0.6682491898536682,0.03512142226099968,0.1312185376882553,1,0
selected2248,1.6600000000000001,0.6683129668235779,0.035296957939863205,0.11642514169216156,1,0
selected2248,1.68,0.6683753728866577,0.035337019711732864,0.09060928970575333,1,0
selected2248,1.7,0.668433666229248,0.035584188997745514,0.0708664059638977,1,0
selected2248,1.72,0.6684888005256653,0.03593282029032707,0.05936361104249954,1,0
selected2248,1.74,0.6685392260551453,0.033854708075523376,0.04770598188042641,1,0
selected2248,1.76,0.6685864925384521,0.03244227170944214,0.04288458451628685,1,0
selected2248,1.78,0.6686282753944397,0.028754116967320442,0.04232308268547058,1,0
selected2248,1.8,0.6686633229255676,0.022827070206403732,0.03716365247964859,1,0
selected2248,1.82,0.6686911582946777,0.01690889336168766,0.1373288631439209,1,0
selected2248,1.84,0.6687180399894714,0.006603410933166742,0.08943933993577957,1,0
selected2248,1.86,0.6687228083610535,0.01039117481559515,0.07240881770849228,1,0
selected2248,1.8800000000000001,0.668724000453949,0.00862132478505373,0.07791846245527267,1,0
selected2248,1.9000000000000001,0.6687125563621521,0.014420803636312485,0.05639617517590523,1,0
selected2248,1.92,0.6686959862709045,0.012044267728924751,0.056423187255859375,1,0
selected2248,1.94,0.6686768531799316,0.013594457879662514,0.05355410277843475,1,0
selected2248,1.96,0.6686583757400513,0.014689701609313488,0.05321430042386055,1,0
selected2248,1.98,0.6686400175094604,0.014431926421821117,0.053477801382541656,1,0
selected2248,2.0,0.6686197519302368,0.013062533922493458,0.05228447914123535,1,0
selected2248,2.02,0.6685978770256042,0.01364588737487793,0.05481616407632828,1,0
selected2248,2.04,0.6685785055160522,0.01408606767654419,0.05581160634756088,1,0
selected2248,2.06,0.6685605049133301,0.013305646367371082,0.05871526524424553,1,0
selected2248,2.08,0.6685414910316467,0.012058929540216923,0.05961652100086212,1,0
selected2248,2.1,0.6685230731964111,0.011935031041502953,0.06039615720510483,1,0
selected2248,2.12,0.668506920337677,0.012089479714632034,0.06066618114709854,1,0
selected2248,2.14,0.6684925556182861,0.011313212104141712,0.0607873871922493,1,0
selected2248,2.16,0.6684777736663818,0.010058071464300156,0.06101379543542862,1,0
selected2248,2.18,0.6684638857841492,0.009866295382380486,0.058885034173727036,1,0
selected2248,2.2,0.668452262878418,0.009984757751226425,0.05941811949014664,1,0
selected2248,2.22,0.6684421896934509,0.009256141260266304,0.060160405933856964,1,0
selected2248,2.24,0.6684321165084839,0.008339991793036461,0.0589168481528759,1,0
selected2248,2.2600000000000002,0.6684213876724243,0.008610454387962818,0.05796108394861221,1,0
selected2248,2.2800000000000002,0.6684123277664185,0.008761941455304623,0.05753603205084801,1,0
selected2248,2.3000000000000003,0.668404221534729,0.008128597401082516,0.05699152871966362,1,0
selected2248,2.32,0.6683960556983948,0.007324887905269861,0.05520762875676155,1,0
selected2248,2.34,0.6683881878852844,0.007297454867511988,0.054048966616392136,1,0
selected2248,2.36,0.6683817505836487,0.007515490520745516,0.052714042365550995,1,0
selected2248,2.38,0.6683763861656189,0.0072570908814668655,0.0504007525742054,1,0
selected2248,2.4,0.6683709025382996,0.006648072507232428,0.04848456755280495,1,0
selected2248,2.42,0.6683654189109802,0.006199994124472141,0.04349159821867943,1,0
selected2248,2.44,0.6683585047721863,0.006293332204222679,0.04993682727217674,1,0
selected2248,2.46,0.6683565974235535,0.008094468154013157,0.05219821259379387,1,0
selected2248,2.48,0.6683546304702759,0.007909479551017284,0.04769564047455788,1,0
selected2248,2.5,0.6683541536331177,0.007303172722458839,0.04555583745241165,1,0
selected2248,2.52,0.6683531403541565,0.0066702840849757195,0.04436464235186577,1,0
selected2248,2.54,0.6683521866798401,0.0070154182612895966,0.04385681077837944,1,0
selected2248,2.56,0.6683529019355774,0.007668251171708107,0.04440937936306,1,0
selected2248,2.58,0.6683541536331177,0.007607654202729464,0.04267683997750282,1,0
selected2248,2.6,0.6683557033538818,0.00724931200966239,0.04204457253217697,1,0
selected2248,2.62,0.6683565378189087,0.007258770056068897,0.041740261018276215,1,0
selected2248,2.64,0.6683585047721863,0.007658139802515507,0.04188822582364082,1,0
selected2248,2.66,0.6683605909347534,0.007802476175129414,0.04134681075811386,1,0
selected2248,2.68,0.6683629751205444,0.00742218317463994,0.04042847454547882,1,0
selected2248,2.7,0.6683644652366638,0.007371848914772272,0.04062362760305405,1,0
selected2248,2.72,0.668366014957428,0.00760672939941287,0.04157690703868866,1,0
selected2248,2.74,0.668368399143219,0.0077331652864813805,0.04148339107632637,1,0
selected2248,2.7600000000000002,0.6683712005615234,0.007626044563949108,0.041120268404483795,1,0
selected2248,2.7800000000000002,0.6683737635612488,0.007361586205661297,0.040195778012275696,1,0
selected2248,2.8000000000000003,0.6683762073516846,0.007659733761101961,0.040803782641887665,1,0
selected2248,2.82,0.6683797836303711,0.007809868548065424,0.04118938744068146,1,0
selected2248,2.84,0.6683835983276367,0.007742148358374834,0.03990296646952629,1,0
selected2248,2.86,0.6683869957923889,0.007619870826601982,0.03974823281168938,1,0
selected2248,2.88,0.6683909893035889,0.007729293312877417,0.0412987656891346,1,0
selected2248,2.9,0.6683946847915649,0.007725565228611231,0.03979015722870827,1,0
selected2248,2.92,0.6683991551399231,0.007794824428856373,0.04127815365791321,1,0
selected2248,2.94,0.6684035062789917,0.007710099220275879,0.04148472473025322,1,0
selected2248,2.96,0.6684075593948364,0.007675803266465664,0.04129323363304138,1,0
selected2248,2.98,0.6684117317199707,0.007753946352750063,0.040501900017261505,1,0
selected2248,3.0,0.6684160828590393,0.007739732041954994,0.04062788933515549,1,0
selected2248,3.02,0.6684209108352661,0.007660982199013233,0.04090481624007225,1,0
selected2248,3.04,0.6684251427650452,0.007590745110064745,0.040950432419776917,1,0
selected2248,3.06,0.6684291362762451,0.007646891288459301,0.04081366956233978,1,0
selected2248,3.08,0.6684333086013794,0.007605554535984993,0.04158473014831543,1,0
selected2248,3.1,0.6684375405311584,0.007510183844715357,0.041719596832990646,1,0
selected2248,3.12,0.6684413552284241,0.007454478647559881,0.04161350801587105,1,0
selected2248,3.14,0.6684449315071106,0.007481022737920284,0.04161789268255234,1,0
selected2248,3.16,0.6684488654136658,0.007482781074941158,0.04190679267048836,1,0
selected2248,3.18,0.6684521436691284,0.007357894442975521,0.04150141030550003,1,0
selected2248,3.2,0.6684553623199463,0.0073262047953903675,0.0418720543384552,1,0
selected2248,3.22,0.6684585809707642,0.007278050296008587,0.04162503406405449,1,0
selected2248,3.24,0.6684613227844238,0.007261640392243862,0.04158353433012962,1,0
selected2248,3.2600000000000002,0.6684641242027283,0.007179631385952234,0.0416119247674942,1,0
selected2248,3.2800000000000002,0.6684666275978088,0.0071456702426075935,0.0417383573949337,1,0
selected2248,3.3000000000000003,0.6684688329696655,0.007132531609386206,0.04174979403614998,1,0
selected2248,3.3200000000000003,0.6684708595275879,0.0070660971105098724,0.04063272848725319,1,0
selected2248,3.34,0.6684727072715759,0.007024933584034443,0.04061006009578705,1,0
selected2248,3.36,0.6684743762016296,0.0069815125316381454,0.04190885275602341,1,0
selected2248,3.38,0.6684757471084595,0.006931232288479805,0.04178331419825554,1,0
selected2248,3.4,0.6684769988059998,0.006908146198838949,0.041843753308057785,1,0
selected2248,3.42,0.6684776544570923,0.006863272283226252,0.04068474471569061,1,0
selected2248,3.44,0.66847825050354,0.006900564767420292,0.04207029193639755,1,0
selected2248,3.46,0.668479323387146,0.006836391054093838,0.042103443294763565,1,0
selected2248,3.48,0.6684790849685669,0.006826142780482769,0.04189453274011612,1,0
selected2248,3.5,0.6684795022010803,0.006871702149510384,0.042301155626773834,1,0
selected2248,3.52,0.6684797406196594,0.006786796264350414,0.04254046455025673,1,0
selected2248,3.54,0.6684795618057251,0.006745242979377508,0.04244629293680191,1,0
selected2248,3.56,0.6684792041778564,0.006764737889170647,0.042444050312042236,1,0
selected2248,3.58,0.6684786677360535,0.006713507231324911,0.040959443897008896,1,0
selected2248,3.6,0.6684780716896057,0.0067694541066884995,0.041500531136989594,1,0
selected2248,3.62,0.6684775352478027,0.006693278905004263,0.041150931268930435,1,0
selected2248,3.64,0.6684767603874207,0.006722189951688051,0.041320689022541046,1,0
selected2248,3.66,0.6684766411781311,0.006777507718652487,0.04298335686326027,1,0
selected2248,3.68,0.6684753894805908,0.006685200147330761,0.04124870523810387,1,0
selected2248,3.7,0.6684746742248535,0.006764725316315889,0.043089088052511215,1,0
selected2248,3.72,0.6684735417366028,0.006713420618325472,0.0425441637635231,1,0
selected2248,3.74,0.6684722304344177,0.006730213761329651,0.04284107685089111,1,0
selected2248,3.7600000000000002,0.6684711575508118,0.006789846811443567,0.04195498302578926,1,0
selected2248,3.7800000000000002,0.6684702038764954,0.006762251723557711,0.042833272367715836,1,0
selected2248,3.8000000000000003,0.6684688329696655,0.006659206002950668,0.0417594276368618,1,0
selected2248,3.8200000000000003,0.6684677004814148,0.00677900156006217,0.04296611249446869,1,0
selected2248,3.84,0.6684666872024536,0.006799093447625637,0.0429089292883873,1,0
selected2248,3.86,0.6684658527374268,0.0067394147627055645,0.0430564321577549,1,0
selected2248,3.88,0.6684644818305969,0.006664001848548651,0.04209820553660393,1,0
selected2248,3.9,0.6684631705284119,0.006777878385037184,0.04289686307311058,1,0
selected2248,3.92,0.668461799621582,0.006767901126295328,0.04281026870012283,1,0
selected2248,3.94,0.6684609651565552,0.00672783050686121,0.0430135652422905,1,0
selected2248,3.96,0.6684596538543701,0.006710192188620567,0.04301469400525093,1,0
selected2248,3.98,0.6684587597846985,0.006772070657461882,0.04322641342878342,1,0
selected2248,4.0,0.6684575080871582,0.006765733007341623,0.043112870305776596,1,0
selected2248,4.0200000000000005,0.6684565544128418,0.006759914569556713,0.04308211803436279,1,0
selected2248,4.04,0.6684555411338806,0.006742150988429785,0.04303443804383278,1,0
selected2248,4.0600000000000005,0.6684545874595642,0.006721506826579571,0.04295708239078522,1,0
selected2248,4.08,0.6684536337852478,0.006766038481146097,0.04307042434811592,1,0
selected2248,4.1,0.6684526801109314,0.006747459061443806,0.042768966406583786,1,0
selected2248,4.12,0.6684519648551941,0.006766906939446926,0.04307064786553383,1,0
selected2248,4.14,0.6684510111808777,0.006773372180759907,0.043062951415777206,1,0
selected2248,4.16,0.6684504151344299,0.006799851544201374,0.04299798235297203,1,0
selected2248,4.18,0.6684496998786926,0.006747800391167402,0.04264160618185997,1,0
selected2248,4.2,0.668448805809021,0.006788734346628189,0.04310014471411705,1,0
selected2248,4.22,0.6684483885765076,0.006803006399422884,0.04294661059975624,1,0
selected2248,4.24,0.668447732925415,0.006857866421341896,0.04302606359124184,1,0
selected2248,4.26,0.6684473156929016,0.006813343148678541,0.042848289012908936,1,0
selected2248,4.28,0.6684470176696777,0.006795761175453663,0.04293705150485039,1,0
selected2248,4.3,0.6684463024139404,0.0067999339662492275,0.042950671166181564,1,0
selected2248,4.32,0.6684455871582031,0.006787452846765518,0.042568307369947433,1,0
selected2248,4.34,0.6684452891349792,0.006827044766396284,0.0429144948720932,1,0
selected2248,4.36,0.6684446930885315,0.00681288680061698,0.042712870985269547,1,0
selected2248,4.38,0.6684445738792419,0.006892465986311436,0.04309782385826111,1,0
selected2248,4.4,0.6684443354606628,0.006790598854422569,0.042668815702199936,1,0
selected2248,4.42,0.6684439182281494,0.006851420272141695,0.04283663257956505,1,0
selected2248,4.44,0.6684436798095703,0.0068291909992694855,0.04251281917095184,1,0
selected2248,4.46,0.6684435606002808,0.0068266927264630795,0.042482178658246994,1,0
selected2248,4.48,0.6684432029724121,0.006835087202489376,0.04270857200026512,1,0
selected2248,4.5,0.6684430837631226,0.006825280841439962,0.042672913521528244,1,0
selected2248,4.5200000000000005,0.6684428453445435,0.006844620686024427,0.0426408126950264,1,0
selected2248,4.54,0.6684427261352539,0.006838495843112469,0.04236771538853645,1,0
selected2248,4.5600000000000005,0.6684426069259644,0.006857363041490316,0.04264286160469055,1,0
selected2248,4.58,0.6684426069259644,0.006826432887464762,0.042376626282930374,1,0
selected2248,4.6000000000000005,0.6684423685073853,0.006878215819597244,0.04253672435879707,1,0
selected2248,4.62,0.6684423685073853,0.0068594785407185555,0.04248982295393944,1,0
selected2248,4.64,0.6684423685073853,0.006821866612881422,0.042297594249248505,1,0
selected2248,4.66,0.6684423685073853,0.006840068846940994,0.04227965697646141,1,0
selected2248,4.68,0.6684423089027405,0.006910156924277544,0.04260319098830223,1,0
selected2248,4.7,0.6684423685073853,0.006925066467374563,0.04273208975791931,1,0
selected2248,4.72,0.6684423685073853,0.006831972394138575,0.042438212782144547,1,0
selected2248,4.74,0.6684426069259644,0.0068543823435902596,0.042439669370651245,1,0
selected2248,4.76,0.6684426665306091,0.006889213342219591,0.04246223717927933,1,0
selected2248,4.78,0.6684427261352539,0.006884416099637747,0.04237609729170799,1,0
selected2248,4.8,0.6684427857398987,0.00681832991540432,0.04227129742503166,1,0
selected2248,4.82,0.6684428453445435,0.006853403523564339,0.04242274537682533,1,0
selected2248,4.84,0.6684431433677673,0.006918835919350386,0.042734649032354355,1,0
selected2248,4.86,0.6684430241584778,0.006871760822832584,0.042486775666475296,1,0
selected2248,4.88,0.6684433817863464,0.006865709088742733,0.04247421771287918,1,0
selected2248,4.9,0.6684436202049255,0.006816849112510681,0.04229944571852684,1,0
selected2248,4.92,0.6684436202049255,0.006884347181767225,0.042323172092437744,1,0
selected2248,4.94,0.6684437990188599,0.0069191004149615765,0.042727403342723846,1,0
selected2248,4.96,0.6684442758560181,0.0068667554296553135,0.04252807796001434,1,0
selected2248,4.98,0.6684443950653076,0.00684779928997159,0.04248344898223877,1,0
selected2248,5.0,0.6684446334838867,0.006871710065752268,0.04228806123137474,1,0
selected2248,5.0200000000000005,0.6684449315071106,0.006921537686139345,0.04254821687936783,1,0
selected2248,5.04,0.6684451699256897,0.006882585119456053,0.04256579279899597,1,0
selected2248,5.0600000000000005,0.6684454679489136,0.006881407927721739,0.042545996606349945,1,0
selected2248,5.08,0.6684457659721375,0.006882518995553255,0.04211317002773285,1,0
selected2248,5.1000000000000005,0.6684463024139404,0.006902717053890228,0.04254618659615517,1,0
selected2248,5.12,0.6684463024139404,0.006897497922182083,0.04251856729388237,1,0
selected2248,5.14,0.6684468388557434,0.00688462657853961,0.04232756048440933,1,0
selected2248,5.16,0.6684471368789673,0.006918263155966997,0.04262329265475273,1,0
selected2248,5.18,0.6684474945068359,0.006891884841024876,0.042490050196647644,1,0
selected2248,5.2,0.6684476733207703,0.006898440886288881,0.0424606017768383,1,0
selected2248,5.22,0.6684477925300598,0.006880755536258221,0.04228755086660385,1,0
selected2248,5.24,0.668448269367218,0.006865389179438353,0.04231666773557663,1,0
selected2248,5.26,0.6684483885765076,0.0068861497566103935,0.04228251799941063,1,0
selected2248,5.28,0.6684486269950867,0.006904936395585537,0.0424594022333622,1,0
selected2248,5.3,0.6684491634368896,0.006880654487758875,0.04249788075685501,1,0
selected2248,5.32,0.6684491634368896,0.006832821294665337,0.04224303737282753,1,0
selected2248,5.34,0.6684494614601135,0.006876263301819563,0.042609237134456635,1,0
selected2248,5.36,0.6684495806694031,0.006841197609901428,0.042200010269880295,1,0
selected2248,5.38,0.6684497594833374,0.006846514996141195,0.042321015149354935,1,0
selected2248,5.4,0.6684498190879822,0.006850100588053465,0.042323313653469086,1,0
selected2248,5.42,0.668449878692627,0.0068865325301885605,0.04239923506975174,1,0
selected2248,5.44,0.6684503555297852,0.006855696439743042,0.04227635636925697,1,0
selected2248,5.46,0.6684503555297852,0.006864406634122133,0.042401447892189026,1,0
selected2248,5.48,0.6684505939483643,0.006836048327386379,0.042522870004177094,1,0
selected2248,5.5,0.6684507131576538,0.006833631545305252,0.04228075221180916,1,0
selected2248,5.5200000000000005,0.6684507131576538,0.006856490392237902,0.042282119393348694,1,0
selected2248,5.54,0.6684507727622986,0.006865389179438353,0.042519163340330124,1,0
selected2248,5.5600000000000005,0.6684511303901672,0.006828538607805967,0.042403314262628555,1,0
selected2248,5.58,0.6684510707855225,0.006809772923588753,0.04252681881189346,1,0
selected2248,5.6000000000000005,0.6684508919715881,0.00686465622857213,0.04235444590449333,1,0
selected2248,5.62,0.6684511303901672,0.006858321838080883,0.042341481894254684,1,0
selected2248,5.64,0.668451189994812,0.006835189647972584,0.04246317967772484,1,0
selected2248,5.66,0.6684510111808777,0.006848637945950031,0.04249437525868416,1,0
selected2248,5.68,0.6684512495994568,0.006836554501205683,0.04251063987612724,1,0
selected2248,5.7,0.668451189994812,0.006882041227072477,0.04256405308842659,1,0
selected2248,5.72,0.6684512495994568,0.0068558440543711185,0.04250871762633324,1,0
selected2248,5.74,0.6684511303901672,0.006829362362623215,0.04259171336889267,1,0
selected2248,5.76,0.668451189994812,0.006843188777565956,0.04233807325363159,1,0
selected2248,5.78,0.6684510111808777,0.006872070953249931,0.042618248611688614,1,0
selected2248,5.8,0.6684512495994568,0.0068457406014204025,0.042620982974767685,1,0
selected2248,5.82,0.6684511303901672,0.0068242233246564865,0.04238089919090271,1,0
selected2248,5.84,0.668451189994812,0.006878773216158152,0.04270635545253754,1,0
selected2248,5.86,0.6684509515762329,0.0068636867217719555,0.042251188308000565,1,0
selected2248,5.88,0.6684510707855225,0.006792563479393721,0.042529452592134476,1,0
selected2248,5.9,0.6684508323669434,0.0068368990905582905,0.0424438901245594,1,0
selected2248,5.92,0.6684509515762329,0.006869030650705099,0.042563680559396744,1,0
selected2248,5.94,0.6684508919715881,0.006848867982625961,0.04250888526439667,1,0
selected2248,5.96,0.668450653553009,0.006842643488198519,0.04251052066683769,1,0
selected2248,5.98,0.6684508323669434,0.006849245168268681,0.042586807161569595,1,0
selected2248,6.0,0.6684507727622986,0.006822928320616484,0.04251500591635704,1,0
selected2248,6.0200000000000005,0.6684504151344299,0.006838392931967974,0.04227821156382561,1,0
selected2248,6.04,0.6684505343437195,0.006839708425104618,0.042380571365356445,1,0
selected2248,6.0600000000000005,0.6684504747390747,0.006839620880782604,0.04254841059446335,1,0
selected2248,6.08,0.6684502363204956,0.00686627347022295,0.042558711022138596,1,0
selected2248,6.1000000000000005,0.6684504747390747,0.006850605830550194,0.04246312007308006,1,0
selected2248,6.12,0.6684504151344299,0.006828741170465946,0.04260401055216789,1,0
selected2248,6.140000000000001,0.6684502363204956,0.006873601581901312,0.04252023994922638,1,0
selected2248,6.16,0.668450117111206,0.006817507557570934,0.04243486747145653,1,0
selected2248,6.18,0.668450117111206,0.006862446200102568,0.04257036745548248,1,0
selected2248,6.2,0.6684500575065613,0.006863737013190985,0.042471662163734436,1,0
selected2248,6.22,0.6684500575065613,0.0068303802981972694,0.04242931678891182,1,0
selected2248,6.24,0.6684499382972717,0.006842292379587889,0.04253476485610008,1,0
selected2248,6.26,0.6684500575065613,0.006866658106446266,0.04254947602748871,1,0
selected2248,6.28,0.668450117111206,0.006850510369986296,0.042415082454681396,1,0
selected2248,6.3,0.6684500575065613,0.006832990329712629,0.042526502162218094,1,0
selected2248,6.32,0.6684499382972717,0.006781304720789194,0.04220021888613701,1,0
selected2248,6.34,0.6684500575065613,0.0068458314053714275,0.042537182569503784,1,0
selected2248,6.36,0.6684497594833374,0.006845790892839432,0.04251617565751076,1,0
selected2248,6.38,0.6684495806694031,0.00684566143900156,0.04257357493042946,1,0
selected2248,6.4,0.6684497594833374,0.006822913885116577,0.04236424341797829,1,0
selected2248,6.42,0.6684496402740479,0.006825877353549004,0.042564757168293,1,0
selected2248,6.44,0.6684494614601135,0.0068820263259112835,0.04265965148806572,1,0
selected2248,6.46,0.6684494614601135,0.0068244049325585365,0.042275846004486084,1,0
selected2248,6.48,0.6684492230415344,0.006847807671874762,0.04248155280947685,1,0
selected2248,6.5,0.668449342250824,0.006846833974123001,0.04250513017177582,1,0
selected2248,6.5200000000000005,0.6684494614601135,0.006839769892394543,0.04250740259885788,1,0
selected2248,6.54,0.6684492826461792,0.006819297093898058,0.04241218417882919,1,0
selected2248,6.5600000000000005,0.6684492826461792,0.006858146283775568,0.04254460334777832,1,0
selected2248,6.58,0.6684492230415344,0.006854561623185873,0.042607381939888,1,0
selected2248,6.6000000000000005,0.6684491038322449,0.006838235538452864,0.042684394866228104,1,0
selected2248,6.62,0.6684489250183105,0.00682861590757966,0.042337194085121155,1,0
selected2248,6.640000000000001,0.668448805809021,0.006911152973771095,0.04261137172579765,1,0
selected2248,6.66,0.6684491634368896,0.006867784075438976,0.04240158572793007,1,0
selected2248,6.68,0.668449342250824,0.006827349774539471,0.04257115349173546,1,0
selected2248,6.7,0.6684489250183105,0.0068123843520879745,0.04242674633860588,1,0
selected2248,6.72,0.6684488654136658,0.006903930101543665,0.042529601603746414,1,0
selected2248,6.74,0.6684491038322449,0.006883411668241024,0.04259739816188812,1,0
selected2248,6.76,0.6684491038322449,0.006806289777159691,0.042402155697345734,1,0
selected2248,6.78,0.6684491038322449,0.006836616899818182,0.042444147169589996,1,0
selected2248,6.8,0.6684491038322449,0.006849227473139763,0.04231777787208557,1,0
selected2248,6.82,0.6684490442276001,0.006882043089717627,0.042510636150836945,1,0
selected2248,6.84,0.6684491634368896,0.0068046897649765015,0.0423903614282608,1,0
selected2248,6.86,0.6684491038322449,0.006830251310020685,0.0423271544277668,1,0
selected2248,6.88,0.6684491634368896,0.00687721511349082,0.04240844398736954,1,0
selected2248,6.9,0.6684490442276001,0.006845155265182257,0.04240984842181206,1,0
selected2248,6.92,0.6684492230415344,0.006814130581915379,0.04237813502550125,1,0
selected2248,6.94,0.6684492826461792,0.006836892105638981,0.042561862617731094,1,0
selected2248,6.96,0.6684492230415344,0.006885890383273363,0.04248613119125366,1,0
selected2248,6.98,0.6684491634368896,0.006872883532196283,0.042473334819078445,1,0
selected2248,7.0,0.6684492826461792,0.006825977470725775,0.04233917221426964,1,0
selected2248,7.0200000000000005,0.6684492230415344,0.006842697039246559,0.0424303337931633,1,0
selected2248,7.04,0.6684494018554688,0.006876533851027489,0.04266510531306267,1,0
selected2248,7.0600000000000005,0.6684494614601135,0.006892540957778692,0.042615026235580444,1,0
selected2248,7.08,0.6684494614601135,0.006823778618127108,0.042562924325466156,1,0
selected2248,7.1000000000000005,0.6684492230415344,0.006804396864026785,0.04236651211977005,1,0
selected2248,7.12,0.668449342250824,0.006875197868794203,0.04262588173151016,1,0
selected2248,7.140000000000001,0.6684494018554688,0.006867778021842241,0.04247051477432251,1,0
selected2248,7.16,0.6684492826461792,0.006856369320303202,0.042519211769104004,1,0
selected2248,7.18,0.6684492826461792,0.006815606262534857,0.042701493948698044,1,0
selected2248,7.2,0.6684495210647583,0.006835875101387501,0.042575448751449585,1,0
selected2248,7.22,0.6684492230415344,0.0069113788194954395,0.0423610657453537,1,0
selected2248,7.24,0.6684494018554688,0.006861099507659674,0.04251132160425186,1,0
selected2248,7.26,0.6684494018554688,0.006841044407337904,0.042735084891319275,1,0
selected2248,7.28,0.6684494018554688,0.0068335928954184055,0.04256526380777359,1,0
selected2248,7.3,0.6684494614601135,0.006881685461848974,0.042508043348789215,1,0
selected2248,7.32,0.6684494614601135,0.00686680618673563,0.04241831228137016,1,0
selected2248,7.34,0.6684494614601135,0.006799123715609312,0.042475249618291855,1,0
selected2248,7.36,0.6684494018554688,0.006846867501735687,0.04257645085453987,1,0
selected2248,7.38,0.668449342250824,0.006881124805659056,0.042430512607097626,1,0
selected2248,7.4,0.6684496402740479,0.006900249049067497,0.042507730424404144,1,0
selected2248,7.42,0.6684495210647583,0.0068550328724086285,0.04247482866048813,1,0
selected2248,7.44,0.6684495806694031,0.006821576505899429,0.04254671931266785,1,0
selected2248,7.46,0.6684495806694031,0.006898869294673204,0.042733822017908096,1,0
selected2248,7.48,0.6684495806694031,0.006887732073664665,0.04226554185152054,1,0
selected2248,7.5,0.6684496402740479,0.006868728902190924,0.04253186285495758,1,0
selected2248,7.5200000000000005,0.6684498190879822,0.006818580441176891,0.04243708774447441,1,0
selected2248,7.54,0.668449878692627,0.006851127836853266,0.04247630387544632,1,0
selected2248,7.5600000000000005,0.6684498190879822,0.006858573295176029,0.04234539717435837,1,0
selected2248,7.58,0.6684499979019165,0.006880707573145628,0.04258217662572861,1,0
selected2248,7.6000000000000005,0.6684500575065613,0.006812273059040308,0.042236167937517166,1,0
selected2248,7.62,0.6684499979019165,0.006808499805629253,0.042235370725393295,1,0
selected2248,7.640000000000001,0.6684499382972717,0.006895652040839195,0.04256666451692581,1,0
selected2248,7.66,0.668450117111206,0.006881656590849161,0.04263964667916298,1,0
selected2248,7.68,0.6684500575065613,0.006853063125163317,0.04260288178920746,1,0
selected2248,7.7,0.668449878692627,0.0068529220297932625,0.04261204972863197,1,0
selected2248,7.72,0.6684499979019165,0.006868553813546896,0.04254541173577309,1,0
selected2248,7.74,0.6684498190879822,0.006864404771476984,0.04255528002977371,1,0
selected2248,7.76,0.6684499979019165,0.006850689183920622,0.04244638979434967,1,0
selected2248,7.78,0.6684499979019165,0.006799832917749882,0.04227587208151817,1,0
selected2248,7.8,0.6684498190879822,0.006861195899546146,0.0424368642270565,1,0
selected2248,7.82,0.6684498190879822,0.006845494266599417,0.04229099303483963,1,0
selected2248,7.84,0.6684499979019165,0.0068566505797207355,0.04250744730234146,1,0
selected2248,7.86,0.6684500575065613,0.006843940820544958,0.04272127524018288,1,0
selected2248,7.88,0.6684500575065613,0.006826166529208422,0.04244673624634743,1,0
selected2248,7.9,0.668449878692627,0.0068297311663627625,0.042327407747507095,1,0
selected2248,7.92,0.668449878692627,0.006838774308562279,0.042459286749362946,1,0
selected2248,7.94,0.6684500575065613,0.0068332417868077755,0.042494744062423706,1,0
selected2248,7.96,0.6684499382972717,0.006792447064071894,0.04232296720147133,1,0
selected2248,7.98,0.6684497594833374,0.006846870295703411,0.042392607778310776,1,0
selected2248,8.0,0.6684497594833374,0.006887422874569893,0.04276555776596069,1,0
selected2248,8.02,0.6684496402740479,0.0068416898138821125,0.042563289403915405,1,0
selected2248,8.040000000000001,0.6684497594833374,0.0068576945923268795,0.04273885488510132,1,0
selected2248,8.06,0.6684496402740479,0.00678042508661747,0.04234463348984718,1,0
selected2248,8.08,0.6684494018554688,0.006855184677988291,0.042507413774728775,1,0
selected2248,8.1,0.6684495806694031,0.006828336976468563,0.04226679727435112,1,0
selected2248,8.120000000000001,0.6684495806694031,0.006844260264188051,0.04275692626833916,1,0
selected2248,8.14,0.6684495210647583,0.006804992910474539,0.042455825954675674,1,0
selected2248,8.16,0.668449342250824,0.006909236311912537,0.0428180992603302,1,0
selected2248,8.18,0.668449342250824,0.006873639300465584,0.04265541210770607,1,0
selected2248,8.2,0.6684494018554688,0.006842074915766716,0.042695894837379456,1,0
selected2248,8.22,0.668449342250824,0.006825201213359833,0.04237829148769379,1,0
selected2248,8.24,0.6684492826461792,0.006886813789606094,0.0426691435277462,1,0
selected2248,8.26,0.668449342250824,0.00682826666161418,0.042440883815288544,1,0
selected2248,8.28,0.6684491634368896,0.006875547114759684,0.04251106083393097,1,0
selected2248,8.3,0.6684492826461792,0.006854542996734381,0.04274298995733261,1,0
selected2248,8.32,0.6684491038322449,0.006849073339253664,0.042443275451660156,1,0
selected2248,8.34,0.6684492230415344,0.0068499380722641945,0.042449694126844406,1,0
selected2248,8.36,0.6684492230415344,0.00686868280172348,0.04237493500113487,1,0
selected2248,8.38,0.668449342250824,0.006875048391520977,0.04264190047979355,1,0
selected2248,8.4,0.6684494018554688,0.006823617499321699,0.04246222972869873,1,0
selected2248,8.42,0.6684492826461792,0.006871128920465708,0.04251920431852341,1,0
selected2248,8.44,0.6684494614601135,0.006807303987443447,0.04233218729496002,1,0
selected2248,8.46,0.668449342250824,0.0068659912794828415,0.04251405596733093,1,0
selected2248,8.48,0.6684495210647583,0.006847316399216652,0.042589426040649414,1,0
selected2248,8.5,0.6684494018554688,0.0068270922638475895,0.04224732518196106,1,0
selected2248,8.52,0.6684495210647583,0.006879329215735197,0.04266869276762009,1,0
selected2248,8.540000000000001,0.6684494018554688,0.006810514256358147,0.04229721426963806,1,0
selected2248,8.56,0.6684494018554688,0.006837369874119759,0.042350515723228455,1,0
selected2248,8.58,0.6684494614601135,0.006860165391117334,0.04259428754448891,1,0
selected2248,8.6,0.6684494018554688,0.006856702733784914,0.04235546663403511,1,0
selected2248,8.620000000000001,0.668449342250824,0.006861122325062752,0.04259423539042473,1,0
selected2248,8.64,0.668449342250824,0.006851051468402147,0.042529989033937454,1,0
selected2248,8.66,0.6684494018554688,0.006874586921185255,0.042654845863580704,1,0
selected2248,8.68,0.668449342250824,0.006832296960055828,0.04233519732952118,1,0
selected2248,8.700000000000001,0.6684494018554688,0.006852875929325819,0.0426018126308918,1,0
selected2248,8.72,0.6684491634368896,0.006834506522864103,0.04236479103565216,1,0
selected2248,8.74,0.668449342250824,0.006921870168298483,0.04277379438281059,1,0
selected2248,8.76,0.6684496402740479,0.006835575215518475,0.042466726154088974,1,0
selected2248,8.78,0.6684494018554688,0.006809883750975132,0.04227757081389427,1,0
selected2248,8.8,0.6684494018554688,0.00688796304166317,0.042712144553661346,1,0
selected2248,8.82,0.6684495806694031,0.006880682893097401,0.0425843819975853,1,0
selected2248,8.84,0.668449342250824,0.006825719028711319,0.042280010879039764,1,0
selected2248,8.86,0.6684492826461792,0.006852739956229925,0.04239619895815849,1,0
selected2248,8.88,0.6684494614601135,0.006872308440506458,0.04267818480730057,1,0
selected2248,8.9,0.6684494614601135,0.0068727945908904076,0.042438309639692307,1,0
selected2248,8.92,0.6684494018554688,0.006849739700555801,0.04250523820519447,1,0
selected2248,8.94,0.6684494018554688,0.006841437891125679,0.04246588423848152,1,0
selected2248,8.96,0.6684492826461792,0.006897349376231432,0.04260881990194321,1,0
selected2248,8.98,0.6684497594833374,0.006818364840000868,0.0424889512360096,1,0
selected2248,9.0,0.6684495806694031,0.006808489095419645,0.04225397855043411,1,0
selected2248,9.02,0.6684494614601135,0.0068324594758450985,0.0424957275390625,1,0
selected2248,9.040000000000001,0.6684494018554688,0.006865313276648521,0.042383648455142975,1,0
selected2248,9.06,0.6684494614601135,0.0068449098616838455,0.04259244352579117,1,0
selected2248,9.08,0.6684494614601135,0.006834835279732943,0.04240928962826729,1,0
selected2248,9.1,0.6684494614601135,0.006846004631370306,0.042441386729478836,1,0
selected2248,9.120000000000001,0.6684495210647583,0.006823127623647451,0.042228955775499344,1,0
selected2248,9.14,0.6684492826461792,0.006834957282990217,0.042442698031663895,1,0
selected2248,9.16,0.6684496402740479,0.006874645594507456,0.042709462344646454,1,0
selected2248,9.18,0.6684492826461792,0.0068445466458797455,0.04214358329772949,1,0
selected2248,9.200000000000001,0.668449342250824,0.006851000711321831,0.04270471632480621,1,0
selected2248,9.22,0.6684495210647583,0.006833466235548258,0.042364008724689484,1,0
selected2248,9.24,0.6684494018554688,0.0068506477400660515,0.042447976768016815,1,0
selected2248,9.26,0.668449342250824,0.006866813637316227,0.042572375386953354,1,0
selected2248,9.28,0.6684494018554688,0.006817763205617666,0.04256705194711685,1,0
selected2248,9.3,0.668449342250824,0.006881210952997208,0.04268576204776764,1,0
selected2248,9.32,0.6684495806694031,0.0067966110073029995,0.04219836741685867,1,0
selected2248,9.34,0.6684494018554688,0.0068327877670526505,0.04255058243870735,1,0
selected2248,9.36,0.668449342250824,0.006870772689580917,0.04267182573676109,1,0
selected2248,9.38,0.668449342250824,0.006840677931904793,0.042224157601594925,1,0
selected2248,9.4,0.6684491634368896,0.006816626060754061,0.042437318712472916,1,0
selected2248,9.42,0.6684492826461792,0.00688031455501914,0.042601339519023895,1,0
selected2248,9.44,0.6684494018554688,0.006868815049529076,0.04262590408325195,1,0
selected2248,9.46,0.6684492230415344,0.006805309094488621,0.04236708953976631,1,0
selected2248,9.48,0.6684491038322449,0.006851515732705593,0.0424320325255394,1,0
selected2248,9.5,0.6684492826461792,0.006845259573310614,0.042508743703365326,1,0
selected2248,9.52,0.6684492230415344,0.006832615938037634,0.04262593761086464,1,0
selected2248,9.540000000000001,0.6684491038322449,0.006899647414684296,0.04258393496274948,1,0
selected2248,9.56,0.6684491038322449,0.0068650683388113976,0.04247083514928818,1,0
selected2248,9.58,0.6684492826461792,0.006819898262619972,0.04254208505153656,1,0
selected2248,9.6,0.6684492230415344,0.006813368294388056,0.0422707125544548,1,0
selected2248,9.620000000000001,0.6684491634368896,0.006905697751790285,0.042707230895757675,1,0
selected2248,9.64,0.6684494614601135,0.006843509152531624,0.04238864779472351,1,0
selected2248,9.66,0.6684490442276001,0.006862368900328875,0.04253536835312843,1,0
selected2248,9.68,0.6684494018554688,0.006844074930995703,0.04259821027517319,1,0
selected2248,9.700000000000001,0.6684491634368896,0.006872878409922123,0.042485013604164124,1,0
selected2248,9.72,0.6684494018554688,0.006880051456391811,0.042503342032432556,1,0
selected2248,9.74,0.668449342250824,0.006822698749601841,0.04237692058086395,1,0
selected2248,9.76,0.6684492230415344,0.00680432328954339,0.0423940010368824,1,0
selected2248,9.78,0.6684492826461792,0.006862181704491377,0.04241349548101425,1,0
selected2248,9.8,0.6684492826461792,0.006922536063939333,0.04251032695174217,1,0
selected2248,9.82,0.6684494614601135,0.006842441391199827,0.04252016544342041,1,0
selected2248,9.84,0.668449342250824,0.006847051437944174,0.04260173812508583,1,0
selected2248,9.86,0.6684494018554688,0.006877499632537365,0.04248891770839691,1,0
selected2248,9.88,0.6684494614601135,0.006877491250634193,0.042612798511981964,1,0
selected2248,9.9,0.6684495806694031,0.00685178954154253,0.042467232793569565,1,0
selected2248,9.92,0.6684495806694031,0.0068318648263812065,0.04250096529722214,1,0
selected2248,9.94,0.6684495806694031,0.006828589364886284,0.042483288794755936,1,0
selected2248,9.96,0.6684492826461792,0.006881574634462595,0.04244564473628998,1,0
selected2248,9.98,0.6684494018554688,0.006864103954285383,0.04249687120318413,1,0
selected2248,10.0,0.6684496998786926,0.006837520748376846,0.042584825307130814,1,0
