completed_updates,mean_episode_return
1,0.6951791048049927
2,2.1588358879089355
3,5.295568943023682
4,10.212462425231934
5,13.353656768798828
6,20.464881896972656
7,24.699295043945312
8,27.686033248901367
9,28.47026252746582
10,33.66674041748047
11,36.21298599243164
12,41.5586051940918
13,44.64863586425781
14,46.21889114379883
15,54.442535400390625
16,98.93528747558594
17,93.80973052978516
18,89.79916381835938
19,87.31903839111328
20,84.9024658203125
21,84.3021469116211
22,84.043701171875
23,82.35254669189453
24,82.06133270263672
25,82.45838928222656
26,83.07767486572266
27,83.33879852294922
28,85.11962127685547
29,86.52537536621094
30,95.303466796875
31,109.58543395996094
32,142.10780334472656
33,134.2720184326172
34,133.68675231933594
35,134.46791076660156
36,132.2926788330078
37,132.12034606933594
38,130.56947326660156
39,129.19735717773438
40,125.79360961914062
41,130.77455139160156
42,135.17752075195312
43,145.63563537597656
44,151.9656982421875
45,155.74696350097656
46,160.71481323242188
47,196.62249755859375
48,190.27127075195312
49,190.29141235351562
50,183.73004150390625
51,183.8935546875
52,181.0574493408203
53,178.3492431640625
54,178.23098754882812
55,176.19091796875
56,83.7845230102539
57,85.71092987060547
58,93.04964447021484
59,97.01753234863281
60,99.91514587402344
61,103.33097839355469
62,194.85244750976562
63,204.0645751953125
64,176.6309814453125
65,174.2172393798828
66,156.37428283691406
67,149.3707275390625
68,113.49807739257812
69,106.16065216064453
70,98.12818908691406
71,122.86737060546875
72,80.25924682617188
73,91.39974975585938
74,107.4607925415039
75,65.9922103881836
76,68.56946563720703
77,67.04782104492188
78,101.33351135253906
79,127.9513931274414
80,84.88410186767578
81,79.57567596435547
82,101.6238784790039
83,98.85494995117188
84,101.72111511230469
85,159.23104858398438
86,173.01849365234375
87,179.8927764892578
88,160.162353515625
89,162.9706268310547
90,123.44778442382812
91,-15.730072975158691
92,-13.157538414001465
93,-36.012603759765625
94,-69.34598541259766
95,-30.196643829345703
96,-58.94459915161133
97,44.605411529541016
98,73.62068176269531
99,18.210315704345703
100,-39.218849182128906
101,-119.16056823730469
102,-305.9818420410156
103,-378.26116943359375
104,-488.5867614746094
105,-867.45947265625
106,-1003.3960571289062
107,-1056.444091796875
108,-1026.8804931640625
109,-624.1450805664062
110,-663.4016723632812
111,-358.6590576171875
112,-413.2480163574219
113,-401.0638427734375
114,-186.18368530273438
115,-91.02008819580078
116,-181.65988159179688
117,-182.78390502929688
118,-320.4715270996094
119,-285.33551025390625
120,-252.9346466064453
121,-196.39630126953125
122,-285.176025390625
123,-216.8092041015625
124,-485.5384216308594
125,-149.3519744873047
126,-329.5190124511719
127,-348.7503662109375
128,-424.1873474121094
129,-274.4602966308594
130,-95.11505126953125
131,-1.619890570640564
132,178.3023681640625
133,5.445738792419434
134,-83.46049499511719
135,-395.1916809082031
136,-305.3525390625
137,-312.8305358886719
138,-133.35633850097656
139,-100.72872161865234
140,-383.1200866699219
141,63.80177307128906
142,173.6171875
143,162.33648681640625
144,153.75392150878906
145,84.63627624511719
146,84.48328399658203
147,105.01896667480469
148,182.1864776611328
149,184.51206970214844
150,186.4497528076172
151,185.2524871826172
152,159.65768432617188
153,163.33570861816406
154,198.64735412597656
155,200.28199768066406
156,156.9297332763672
157,-65.55398559570312
158,110.03821563720703
159,107.75733184814453
160,191.64727783203125
161,192.3666534423828
162,194.7333984375
163,194.4956512451172
164,196.1476287841797
165,200.1877899169922
166,204.30104064941406
167,202.23558044433594
168,202.6763153076172
169,203.38270568847656
170,202.1963653564453
171,204.12673950195312
172,209.49798583984375
173,196.8659210205078
174,195.99142456054688
175,196.2739715576172
176,204.0229949951172
177,207.97227478027344
178,210.40322875976562
179,210.3819122314453
180,210.4031219482422
181,210.5349578857422
182,210.74496459960938
183,210.76113891601562
184,210.93392944335938
185,210.85140991210938
186,211.0573272705078
187,209.01065063476562
188,198.579833984375
189,194.5314178466797
190,198.15367126464844
191,196.25296020507812
192,194.82887268066406
193,202.67962646484375
194,205.18284606933594
195,209.04037475585938
196,208.34275817871094
197,209.82858276367188
198,209.0685577392578
199,210.35342407226562
200,207.51441955566406
201,206.60824584960938
202,209.3602294921875
203,214.67115783691406
204,179.4091339111328
205,198.93955993652344
206,200.69577026367188
207,208.68099975585938
208,207.2692413330078
209,196.7469482421875
210,195.5498809814453
211,197.83328247070312
212,212.73638916015625
213,211.751953125
214,209.58522033691406
215,212.58372497558594
216,219.83592224121094
217,218.52252197265625
218,228.397705078125
219,223.0828399658203
220,198.3046112060547
221,131.35865783691406
222,185.07823181152344
223,195.45669555664062
224,207.7975311279297
225,202.78775024414062
226,201.87440490722656
227,201.22662353515625
228,216.81973266601562
229,223.85511779785156
230,223.90115356445312
231,223.12925720214844
232,223.10047912597656
233,223.32098388671875
234,223.88172912597656
235,221.1068115234375
236,52.019996643066406
237,138.1377716064453
238,179.3803253173828
239,203.87059020996094
240,222.77392578125
241,205.3660888671875
242,195.0974578857422
243,209.30841064453125
244,229.5336151123047
245,222.89260864257812
246,216.93191528320312
247,230.30308532714844
248,233.0306396484375
249,246.1036834716797
250,255.32704162597656
251,201.51258850097656
252,201.89926147460938
253,229.995849609375
254,219.6295623779297
255,232.51864624023438
256,243.81077575683594
257,245.2117156982422
258,246.32424926757812
259,252.157958984375
260,258.8050842285156
261,251.0791015625
262,248.0333709716797
263,247.95516967773438
264,251.7010498046875
265,256.9975891113281
266,259.0403747558594
267,238.66798400878906
268,251.80841064453125
269,241.13619995117188
270,243.25341796875
271,243.3658447265625
272,254.27471923828125
273,246.71578979492188
274,248.06460571289062
275,256.4049987792969
276,255.62255859375
277,250.36065673828125
278,244.38348388671875
279,257.5011291503906
280,265.453125
281,263.6011962890625
282,272.0543212890625
283,243.5568084716797
284,237.6996307373047
285,233.31834411621094
286,253.82850646972656
287,259.49517822265625
288,260.7286682128906
289,254.6681671142578
290,250.0251007080078
291,260.4994812011719
292,265.88519287109375
293,256.9120788574219
294,264.4861755371094
295,256.0084533691406
296,263.7799987792969
297,272.3954772949219
298,241.28102111816406
299,253.9104461669922
300,250.1586456298828
301,235.4390869140625
302,237.59677124023438
303,253.08908081054688
304,256.0
305,243.7760467529297
306,241.16510009765625
307,262.6162109375
308,263.86138916015625
309,260.28131103515625
310,244.16885375976562
311,259.3793640136719
312,268.41265869140625
313,280.4388427734375
314,279.47540283203125
315,243.3287353515625
316,247.788330078125
317,257.9578857421875
318,256.64996337890625
319,257.6171875
320,243.03744506835938
321,230.58724975585938
322,257.8451232910156
323,260.1495666503906
324,260.2481384277344
325,265.93353271484375
326,264.4713439941406
327,270.8288879394531
328,278.7314147949219
329,281.2881164550781
330,201.62100219726562
331,222.14234924316406
332,255.261474609375
333,250.6267547607422
334,256.1017150878906
335,257.72222900390625
336,258.5016784667969
337,252.4433135986328
338,252.69207763671875
339,261.24151611328125
340,252.8789520263672
341,267.2373352050781
342,274.549560546875
343,278.2664489746094
344,287.9314880371094
345,262.493408203125
346,254.64431762695312
347,262.2264709472656
348,239.82521057128906
349,253.93600463867188
350,259.51348876953125
351,248.97755432128906
352,255.5170135498047
353,249.66497802734375
354,263.8100280761719
355,283.2267761230469
356,268.112548828125
357,267.1054992675781
358,281.9696960449219
359,264.54736328125
360,288.4499816894531
361,294.4216003417969
362,269.067626953125
363,244.1724395751953
364,263.15386962890625
365,250.50241088867188
366,261.7322998046875
367,266.5331115722656
368,269.5120849609375
369,274.4654235839844
370,257.31378173828125
371,268.1715393066406
372,282.45025634765625
373,281.8080139160156
374,274.925048828125
375,310.49676513671875
376,286.695068359375
377,253.23397827148438
378,272.2826843261719
379,256.2383117675781
380,270.0584716796875
381,269.0645446777344
382,261.276123046875
383,288.2087707519531
384,283.8039245605469
385,280.9812927246094
386,276.7264099121094
387,279.0989990234375
388,293.6369323730469
389,286.91204833984375
390,278.3969421386719
391,307.3189697265625
392,297.09576416015625
393,294.8838195800781
394,274.2792663574219
395,279.19287109375
396,268.47393798828125
397,273.1591491699219
398,288.89227294921875
399,293.37469482421875
400,304.9033203125
401,295.5455627441406
402,304.65789794921875
403,306.69866943359375
404,301.020263671875
405,287.858642578125
406,300.56158447265625
407,288.61474609375
408,306.1664123535156
409,290.8360290527344
410,298.98724365234375
411,297.50384521484375
412,303.96466064453125
413,308.43084716796875
414,314.7962341308594
415,305.7518005371094
416,312.11724853515625
417,305.5664367675781
418,314.0718688964844
419,319.2413024902344
420,309.8763122558594
421,303.5167236328125
422,328.59686279296875
423,321.4705505371094
424,322.36358642578125
425,325.21649169921875
426,307.3973083496094
427,321.43499755859375
428,306.1247863769531
429,308.3212890625
430,314.6684265136719
431,332.5524597167969
432,316.37457275390625
433,311.4854431152344
434,312.85809326171875
435,310.13433837890625
436,326.36004638671875
437,330.82550048828125
438,324.15972900390625
439,342.1706237792969
440,327.0998229980469
441,325.98907470703125
442,319.20208740234375
443,324.9445495605469
444,331.13067626953125
445,326.265869140625
446,323.81597900390625
447,329.91278076171875
448,342.9021301269531
449,337.2521667480469
450,335.83294677734375
451,341.5126647949219
452,350.1073303222656
453,341.16937255859375
454,326.52117919921875
455,362.9423828125
456,323.5220031738281
457,331.2804870605469
458,316.3074951171875
459,321.5346984863281
460,337.6742858886719
461,315.9075622558594
462,337.2052001953125
463,336.8656921386719
464,330.42987060546875
465,325.0968017578125
466,300.5359191894531
467,325.9925537109375
468,331.41900634765625
469,362.2000427246094
470,356.80560302734375
471,322.769775390625
472,295.1252746582031
473,314.9114990234375
474,327.466064453125
475,319.8360290527344
476,319.466064453125
477,334.5724182128906
478,343.2179260253906
479,333.8998718261719
480,369.3284912109375
481,353.8426208496094
482,369.5068664550781
483,362.566162109375
484,348.22406005859375
485,340.29302978515625
486,375.4276123046875
487,328.5298156738281
488,332.1760559082031
489,362.52777099609375
490,344.4005126953125
491,361.622314453125
492,362.1112060546875
493,341.4814758300781
494,357.1238098144531
495,335.18743896484375
496,358.5606384277344
497,350.42462158203125
498,352.1650085449219
499,358.3123779296875
500,391.8236083984375
501,10.152007102966309
502,61.8137092590332
503,114.93814849853516
504,153.05133056640625
505,169.25486755371094
506,188.804443359375
507,206.14857482910156
508,228.53981018066406
509,252.5841827392578
510,264.5448913574219
511,296.73321533203125
512,308.8635559082031
513,347.74090576171875
514,354.4118957519531
515,370.3606872558594
516,344.96661376953125
517,399.66876220703125
518,406.7023620605469
519,427.482177734375
520,413.50030517578125
521,390.89752197265625
522,390.45355224609375
523,381.243896484375
524,406.5572509765625
525,371.84857177734375
526,397.7488098144531
527,399.1954650878906
528,402.0405578613281
529,373.2774353027344
530,460.27734375
531,399.24298095703125
532,418.132080078125
533,426.8378601074219
534,420.5390625
535,451.3031311035156
536,439.4853210449219
537,446.8772888183594
538,426.7325439453125
539,430.2687683105469
540,413.9341735839844
541,415.01904296875
542,440.6524963378906
543,440.8285827636719
544,425.7323913574219
545,426.68829345703125
546,419.9176330566406
547,440.44232177734375
548,450.10308837890625
549,432.6691589355469
550,469.1498718261719
551,455.8325500488281
552,497.1462707519531
553,433.1626281738281
554,434.4161071777344
555,461.6885986328125
556,459.8817138671875
557,481.94580078125
558,446.8324890136719
559,476.37518310546875
560,438.9660339355469
561,466.8800354003906
562,430.6099548339844
563,478.1268615722656
564,457.3983154296875
565,490.4451599121094
566,488.2158203125
567,473.83349609375
568,463.94158935546875
569,494.14990234375
570,466.4090881347656
571,467.05389404296875
572,505.0687561035156
573,513.4694213867188
574,474.34783935546875
575,556.605224609375
576,522.8735961914062
577,521.2421264648438
578,551.8844604492188
579,552.7067260742188
580,523.8751220703125
581,550.7412109375
582,621.58544921875
583,612.4232788085938
584,541.0673828125
585,587.6422729492188
586,529.095703125
587,595.1873779296875
588,598.5720825195312
589,625.3984985351562
590,612.2457275390625
591,629.6676635742188
592,645.078125
593,602.6484375
594,630.7919311523438
595,562.8239135742188
596,609.66357421875
597,610.8057861328125
598,586.6288452148438
599,613.9315795898438
600,559.2460327148438
601,577.7445678710938
602,666.207275390625
603,607.99658203125
604,639.7531127929688
605,666.1220092773438
606,660.0784301757812
607,672.00634765625
608,647.378662109375
609,639.9518432617188
610,730.3419799804688
611,694.8438110351562
612,712.7173461914062
613,715.8704223632812
614,739.29296875
615,731.04248046875
616,780.349609375
617,734.1178588867188
618,730.5440063476562
619,758.2164916992188
620,852.5654907226562
621,865.1585083007812
622,816.6925048828125
623,791.1663818359375
624,751.204833984375
625,839.969970703125
626,906.7481079101562
627,865.5394287109375
628,903.4264526367188
629,854.4102783203125
630,913.8997192382812
631,909.1360473632812
632,853.9927978515625
633,855.5925903320312
634,966.638916015625
635,819.9125366210938
636,833.2498779296875
637,933.2804565429688
638,864.1781005859375
639,885.7760009765625
640,918.2384033203125
641,924.8711547851562
642,987.6668701171875
643,882.0675659179688
644,997.9146118164062
645,947.0714721679688
646,888.705810546875
647,935.8652954101562
648,906.3176879882812
649,846.5006103515625
650,983.0050659179688
651,837.3505249023438
652,971.8243408203125
653,1001.2924194335938
654,920.2785034179688
655,889.2186279296875
656,974.6240844726562
657,906.6148681640625
658,958.9826049804688
659,911.4078369140625
660,912.5541381835938
661,805.4750366210938
662,991.01025390625
663,978.47900390625
664,912.2334594726562
665,911.799560546875
666,877.09765625
667,932.59130859375
668,991.3590698242188
669,944.555419921875
670,950.4240112304688
671,1002.1971435546875
672,982.753662109375
673,1002.584228515625
674,948.0604858398438
675,932.5574340820312
676,1062.1851806640625
677,956.1898193359375
678,892.5888061523438
679,871.7657470703125
680,826.2503051757812
681,882.5834350585938
682,801.459716796875
683,913.677734375
684,943.5532836914062
685,832.6597290039062
686,916.1507568359375
687,853.2781372070312
688,774.947265625
689,926.2020874023438
690,936.7471313476562
691,1007.763916015625
692,1030.4771728515625
693,1049.7061767578125
694,1044.3812255859375
695,1088.9793701171875
696,1061.9293212890625
697,1101.0040283203125
698,1071.19970703125
699,1187.66455078125
700,1055.2344970703125
701,1027.6297607421875
702,1045.103271484375
703,1085.711181640625
704,1127.124267578125
705,1153.0926513671875
706,1211.5111083984375
707,1123.01806640625
708,1061.437255859375
709,1247.127685546875
710,1190.7730712890625
711,1109.74755859375
712,1243.3846435546875
713,1103.1343994140625
714,1201.2464599609375
715,1155.839599609375
716,1137.603515625
717,1014.9066772460938
718,1244.49169921875
719,1276.4625244140625
720,1180.8392333984375
721,1234.193115234375
722,1154.264404296875
723,1168.49267578125
724,1195.5068359375
725,1208.8135986328125
726,1261.76806640625
727,1229.8436279296875
728,1163.0367431640625
729,1275.2958984375
730,1279.1793212890625
731,1141.2568359375
732,1204.860107421875
733,1271.4267578125
734,1278.76806640625
735,1248.472900390625
736,1221.07080078125
737,1298.99609375
738,1243.359375
739,1269.87109375
740,1182.8458251953125
741,1188.4095458984375
742,1204.4228515625
743,1207.185546875
744,1242.4635009765625
745,1310.3111572265625
746,1286.404296875
747,1155.1290283203125
748,1303.538818359375
749,1388.03076171875
750,1254.73193359375
751,1294.103271484375
752,1292.03662109375
753,1214.9427490234375
754,1243.670166015625
755,1214.6195068359375
756,1318.6651611328125
757,1229.7230224609375
758,1311.5540771484375
759,1339.645263671875
760,1250.8668212890625
761,1189.3487548828125
762,1250.873046875
763,1334.21630859375
764,1335.8009033203125
765,1239.9801025390625
766,1189.5960693359375
767,1270.1593017578125
768,1306.5335693359375
769,1183.1923828125
770,1294.4136962890625
771,1342.2193603515625
772,1228.0179443359375
773,1269.5648193359375
774,1320.578369140625
775,1346.70166015625
776,1267.75244140625
777,1345.612548828125
778,1303.5526123046875
779,1202.1474609375
780,1164.1351318359375
781,1202.5428466796875
782,1265.3909912109375
783,1412.7725830078125
784,1374.17431640625
785,1335.3740234375
786,1273.20947265625
787,1290.8507080078125
788,1289.0098876953125
789,1373.4534912109375
790,1231.2113037109375
791,1297.137939453125
792,1356.0548095703125
793,1279.780029296875
794,1261.79052734375
795,1320.5416259765625
796,1274.4759521484375
797,1317.1802978515625
798,1371.4443359375
799,1339.4044189453125
800,1255.4476318359375
801,1272.72412109375
802,1258.152099609375
803,1309.6341552734375
804,1359.7406005859375
805,1391.1678466796875
806,1338.5283203125
807,1210.8753662109375
808,1217.8751220703125
809,1281.2127685546875
810,1171.588623046875
811,1286.554931640625
812,1273.76611328125
813,1329.5859375
814,1350.095458984375
815,1239.633544921875
816,1294.977294921875
817,1316.5341796875
818,1322.8453369140625
819,1321.2467041015625
820,1227.6990966796875
821,1378.6912841796875
822,1171.716552734375
823,1293.662353515625
824,1329.4031982421875
825,1300.4920654296875
826,1255.0419921875
827,1264.349853515625
828,1271.114990234375
829,1294.1146240234375
830,1335.5670166015625
831,1298.2978515625
832,1322.969482421875
833,1333.942138671875
834,1330.7198486328125
835,1362.4173583984375
836,1378.231201171875
837,1298.759521484375
838,1268.412841796875
839,1331.91259765625
840,1272.0855712890625
841,1307.2451171875
842,1266.3602294921875
843,1162.8109130859375
844,1279.330078125
845,1327.455810546875
846,1289.1966552734375
847,1295.39013671875
848,1304.7801513671875
849,1276.2548828125
850,1339.7379150390625
851,1255.2884521484375
852,1377.47314453125
853,1294.720458984375
854,1296.244140625
855,1289.025390625
856,1326.4332275390625
857,1259.8797607421875
858,1338.90380859375
859,1344.884033203125
860,1291.126953125
861,1273.2811279296875
862,1314.8861083984375
863,1368.155517578125
864,1195.42041015625
865,1300.2218017578125
866,1328.9422607421875
867,1286.9437255859375
868,1308.019775390625
869,1242.268798828125
870,1324.7105712890625
871,1202.37646484375
872,1289.3839111328125
873,1201.3460693359375
874,1266.0184326171875
875,1318.899658203125
876,1337.7508544921875
877,1310.8302001953125
878,1286.3846435546875
879,1348.9410400390625
880,1273.800537109375
881,1287.4166259765625
882,1360.905029296875
883,1359.451904296875
884,1358.1229248046875
885,1362.651123046875
886,1304.734619140625
887,1309.4254150390625
888,1295.8509521484375
889,1360.3553466796875
890,1230.556396484375
891,1270.81103515625
892,1358.7960205078125
893,1298.3868408203125
894,1242.3326416015625
895,1372.26171875
896,1313.3568115234375
897,1303.8709716796875
898,1368.27978515625
899,1311.15869140625
900,1312.010498046875
901,1337.5767822265625
902,1308.8564453125
903,1286.5478515625
904,1273.0394287109375
905,1307.3052978515625
906,1286.286865234375
907,1383.6419677734375
908,1356.2022705078125
909,1303.4466552734375
910,1370.914794921875
911,1292.0391845703125
912,1289.791748046875
913,1357.50927734375
914,1294.3719482421875
915,1273.2384033203125
916,1362.0517578125
917,1296.712890625
918,1297.4427490234375
919,1271.0762939453125
920,1280.491455078125
921,1349.83935546875
922,1292.9971923828125
923,1297.897705078125
924,1305.2542724609375
925,1289.2427978515625
926,1299.7130126953125
927,1420.1373291015625
928,1333.074951171875
929,1187.7596435546875
930,1324.961181640625
931,1325.261962890625
932,1372.4976806640625
933,1359.24462890625
934,1237.60302734375
935,1230.51513671875
936,1215.1917724609375
937,1366.7447509765625
938,1242.07763671875
939,1234.7120361328125
940,1392.4832763671875
941,1374.2239990234375
942,1351.4815673828125
943,1283.8017578125
944,1236.214599609375
945,1251.772216796875
946,1205.70849609375
947,1276.650146484375
948,1368.4090576171875
949,1345.369873046875
950,1262.9012451171875
951,1243.3712158203125
952,1322.1708984375
953,1318.4503173828125
954,1268.2315673828125
955,1303.0440673828125
956,1322.4468994140625
957,1235.6492919921875
958,1408.6123046875
959,1332.94580078125
960,1299.09130859375
961,1249.6358642578125
962,1296.6929931640625
963,1328.7015380859375
964,1313.2490234375
965,1312.525634765625
966,1305.225830078125
967,1341.8616943359375
968,1318.9033203125
969,1262.9873046875
970,1360.1004638671875
971,1353.9300537109375
972,1326.093017578125
973,1246.8841552734375
974,1332.0220947265625
975,1288.2755126953125
976,1277.57470703125
977,1443.44873046875
978,1327.0345458984375
979,1322.2318115234375
980,1359.617919921875
981,1329.2369384765625
982,1328.6878662109375
983,1349.1292724609375
984,1336.5523681640625
985,1397.44140625
986,1347.888427734375
987,1321.5625
988,1242.3853759765625
989,1301.8758544921875
990,1306.6544189453125
991,1298.4403076171875
992,1288.6810302734375
993,1363.5269775390625
994,1306.8624267578125
995,1261.293701171875
996,1346.1427001953125
997,1385.0191650390625
998,1276.6019287109375
999,1302.407470703125
1000,1212.2681884765625
