update,mean_reward,phase
1,0.6951791048049927,scratch
2,2.1588358879089355,scratch
3,5.295568943023682,scratch
4,10.212462425231934,scratch
5,13.353656768798828,scratch
6,20.464881896972656,scratch
7,24.699295043945312,scratch
8,27.686033248901367,scratch
9,28.47026252746582,scratch
10,33.66674041748047,scratch
11,36.21298599243164,scratch
12,41.5586051940918,scratch
13,44.64863586425781,scratch
14,46.21889114379883,scratch
15,54.442535400390625,scratch
16,98.93528747558594,scratch
17,93.80973052978516,scratch
18,89.79916381835938,scratch
19,87.31903839111328,scratch
20,84.9024658203125,scratch
21,84.3021469116211,scratch
22,84.043701171875,scratch
23,82.35254669189453,scratch
24,82.06133270263672,scratch
25,82.45838928222656,scratch
26,83.07767486572266,scratch
27,83.33879852294922,scratch
28,85.11962127685547,scratch
29,86.52537536621094,scratch
30,95.303466796875,scratch
31,109.58543395996094,scratch
32,142.10780334472656,scratch
33,134.2720184326172,scratch
34,133.68675231933594,scratch
35,134.46791076660156,scratch
36,132.2926788330078,scratch
37,132.12034606933594,scratch
38,130.56947326660156,scratch
39,129.19735717773438,scratch
40,125.79360961914062,scratch
41,130.77455139160156,scratch
42,135.17752075195312,scratch
43,145.63563537597656,scratch
44,151.9656982421875,scratch
45,155.74696350097656,scratch
46,160.71481323242188,scratch
47,196.62249755859375,scratch
48,190.27127075195312,scratch
49,190.29141235351562,scratch
50,183.73004150390625,scratch
51,183.8935546875,scratch
52,181.0574493408203,scratch
53,178.3492431640625,scratch
54,178.23098754882812,scratch
55,176.19091796875,scratch
56,83.7845230102539,scratch
57,85.71092987060547,scratch
58,93.04964447021484,scratch
59,97.01753234863281,scratch
60,99.91514587402344,scratch
61,103.33097839355469,scratch
62,194.85244750976562,scratch
63,204.0645751953125,scratch
64,176.6309814453125,scratch
65,174.2172393798828,scratch
66,156.37428283691406,scratch
67,149.3707275390625,scratch
68,113.49807739257812,scratch
69,106.16065216064453,scratch
70,98.12818908691406,scratch
71,122.86737060546875,scratch
72,80.25924682617188,scratch
73,91.39974975585938,scratch
74,107.4607925415039,scratch
75,65.9922103881836,scratch
76,68.56946563720703,scratch
77,67.04782104492188,scratch
78,101.33351135253906,scratch
79,127.9513931274414,scratch
80,84.88410186767578,scratch
81,79.57567596435547,scratch
82,101.6238784790039,scratch
83,98.85494995117188,scratch
84,101.72111511230469,scratch
85,159.23104858398438,scratch
86,173.01849365234375,scratch
87,179.8927764892578,scratch
88,160.162353515625,scratch
89,162.9706268310547,scratch
90,123.44778442382812,scratch
91,-15.730072975158691,scratch
92,-13.157538414001465,scratch
93,-36.012603759765625,scratch
94,-69.34598541259766,scratch
95,-30.196643829345703,scratch
96,-58.94459915161133,scratch
97,44.605411529541016,scratch
98,73.62068176269531,scratch
99,18.210315704345703,scratch
100,-39.218849182128906,scratch
101,-119.16056823730469,scratch
102,-305.9818420410156,scratch
103,-378.26116943359375,scratch
104,-488.5867614746094,scratch
105,-867.45947265625,scratch
106,-1003.3960571289062,scratch
107,-1056.444091796875,scratch
108,-1026.8804931640625,scratch
109,-624.1450805664062,scratch
110,-663.4016723632812,scratch
111,-358.6590576171875,scratch
112,-413.2480163574219,scratch
113,-401.0638427734375,scratch
114,-186.18368530273438,scratch
115,-91.02008819580078,scratch
116,-181.65988159179688,scratch
117,-182.78390502929688,scratch
118,-320.4715270996094,scratch
119,-285.33551025390625,scratch
120,-252.9346466064453,scratch
121,-196.39630126953125,scratch
122,-285.176025390625,scratch
123,-216.8092041015625,scratch
124,-485.5384216308594,scratch
125,-149.3519744873047,scratch
126,-329.5190124511719,scratch
127,-348.7503662109375,scratch
128,-424.1873474121094,scratch
129,-274.4602966308594,scratch
130,-95.11505126953125,scratch
131,-1.619890570640564,scratch
132,178.3023681640625,scratch
133,5.445738792419434,scratch
134,-83.46049499511719,scratch
135,-395.1916809082031,scratch
136,-305.3525390625,scratch
137,-312.8305358886719,scratch
138,-133.35633850097656,scratch
139,-100.72872161865234,scratch
140,-383.1200866699219,scratch
141,63.80177307128906,scratch
142,173.6171875,scratch
143,162.33648681640625,scratch
144,153.75392150878906,scratch
145,84.63627624511719,scratch
146,84.48328399658203,scratch
147,105.01896667480469,scratch
148,182.1864776611328,scratch
149,184.51206970214844,scratch
150,186.4497528076172,scratch
151,185.2524871826172,scratch
152,159.65768432617188,scratch
153,163.33570861816406,scratch
154,198.64735412597656,scratch
155,200.28199768066406,scratch
156,156.9297332763672,scratch
157,-65.55398559570312,scratch
158,110.03821563720703,scratch
159,107.75733184814453,scratch
160,191.64727783203125,scratch
161,192.3666534423828,scratch
162,194.7333984375,scratch
163,194.4956512451172,scratch
164,196.1476287841797,scratch
165,200.1877899169922,scratch
166,204.30104064941406,scratch
167,202.23558044433594,scratch
168,202.6763153076172,scratch
169,203.38270568847656,scratch
170,202.1963653564453,scratch
171,204.12673950195312,scratch
172,209.49798583984375,scratch
173,196.8659210205078,scratch
174,195.99142456054688,scratch
175,196.2739715576172,scratch
176,204.0229949951172,scratch
177,207.97227478027344,scratch
178,210.40322875976562,scratch
179,210.3819122314453,scratch
180,210.4031219482422,scratch
181,210.5349578857422,scratch
182,210.74496459960938,scratch
183,210.76113891601562,scratch
184,210.93392944335938,scratch
185,210.85140991210938,scratch
186,211.0573272705078,scratch
187,209.01065063476562,scratch
188,198.579833984375,scratch
189,194.5314178466797,scratch
190,198.15367126464844,scratch
191,196.25296020507812,scratch
192,194.82887268066406,scratch
193,202.67962646484375,scratch
194,205.18284606933594,scratch
195,209.04037475585938,scratch
196,208.34275817871094,scratch
197,209.82858276367188,scratch
198,209.0685577392578,scratch
199,210.35342407226562,scratch
200,207.51441955566406,scratch
201,206.60824584960938,scratch
202,209.3602294921875,scratch
203,214.67115783691406,scratch
204,179.4091339111328,scratch
205,198.93955993652344,scratch
206,200.69577026367188,scratch
207,208.68099975585938,scratch
208,207.2692413330078,scratch
209,196.7469482421875,scratch
210,195.5498809814453,scratch
211,197.83328247070312,scratch
212,212.73638916015625,scratch
213,211.751953125,scratch
214,209.58522033691406,scratch
215,212.58372497558594,scratch
216,219.83592224121094,scratch
217,218.52252197265625,scratch
218,228.397705078125,scratch
219,223.0828399658203,scratch
220,198.3046112060547,scratch
221,131.35865783691406,scratch
222,185.07823181152344,scratch
223,195.45669555664062,scratch
224,207.7975311279297,scratch
225,202.78775024414062,scratch
226,201.87440490722656,scratch
227,201.22662353515625,scratch
228,216.81973266601562,scratch
229,223.85511779785156,scratch
230,223.90115356445312,scratch
231,223.12925720214844,scratch
232,223.10047912597656,scratch
233,223.32098388671875,scratch
234,223.88172912597656,scratch
235,221.1068115234375,scratch
236,52.02001953125,scratch
237,138.66860961914062,scratch
238,180.7158966064453,scratch
239,201.04127502441406,scratch
240,215.62742614746094,scratch
241,225.58572387695312,scratch
242,216.22047424316406,scratch
243,216.69154357910156,scratch
244,231.162841796875,scratch
245,235.27825927734375,scratch
246,234.9343719482422,scratch
247,231.18772888183594,scratch
248,243.59063720703125,scratch
249,247.50051879882812,scratch
250,257.0605773925781,scratch
251,228.91334533691406,scratch
252,230.5485076904297,scratch
253,227.17433166503906,scratch
254,218.9473114013672,scratch
255,225.58473205566406,scratch
256,237.65882873535156,scratch
257,237.86752319335938,scratch
258,230.35536193847656,scratch
259,236.29347229003906,scratch
260,251.99972534179688,scratch
261,248.69781494140625,scratch
262,250.1462860107422,scratch
263,252.1201171875,scratch
264,255.76763916015625,scratch
265,259.104248046875,scratch
266,265.4368591308594,scratch
267,215.6280059814453,scratch
268,248.7832489013672,scratch
269,226.39553833007812,scratch
270,247.84092712402344,scratch
271,248.166748046875,scratch
272,245.12509155273438,scratch
273,254.319091796875,scratch
274,250.12332153320312,scratch
275,247.51539611816406,scratch
276,246.3550567626953,scratch
277,248.3643798828125,scratch
278,255.33753967285156,scratch
279,254.795166015625,scratch
280,259.53973388671875,scratch
281,257.096923828125,scratch
282,260.88641357421875,scratch
283,254.724853515625,scratch
284,247.55148315429688,scratch
285,240.18089294433594,scratch
286,255.28082275390625,scratch
287,257.98980712890625,scratch
288,264.5723876953125,scratch
289,259.0660400390625,scratch
290,261.6768493652344,scratch
291,267.10662841796875,scratch
292,257.0118103027344,scratch
293,261.7328186035156,scratch
294,263.0894775390625,scratch
295,266.0367431640625,scratch
296,270.7036437988281,scratch
297,275.799072265625,scratch
298,208.45472717285156,scratch
299,267.61859130859375,scratch
300,225.21763610839844,scratch
301,239.5691680908203,scratch
302,244.40367126464844,scratch
303,252.49655151367188,scratch
304,247.6073455810547,scratch
305,258.70086669921875,scratch
306,263.32757568359375,scratch
307,265.3689270019531,scratch
308,266.742431640625,scratch
309,266.6050720214844,scratch
310,262.1294860839844,scratch
311,266.8367614746094,scratch
312,272.73785400390625,scratch
313,277.6984558105469,scratch
314,277.7406311035156,scratch
315,270.1574401855469,scratch
316,249.39111328125,scratch
317,260.38299560546875,scratch
318,276.9176025390625,scratch
319,267.310791015625,scratch
320,263.86083984375,scratch
321,260.4959716796875,scratch
322,268.1777648925781,scratch
323,268.68792724609375,scratch
324,280.0439147949219,scratch
325,262.171875,scratch
326,269.1986083984375,scratch
327,276.7218933105469,scratch
328,272.5572204589844,scratch
329,278.87615966796875,scratch
330,225.04611206054688,scratch
331,269.91912841796875,scratch
332,239.3278045654297,scratch
333,266.2038269042969,scratch
334,256.4005126953125,scratch
335,252.88818359375,scratch
336,255.73089599609375,scratch
337,268.9894714355469,scratch
338,270.71490478515625,scratch
339,275.38043212890625,scratch
340,265.67291259765625,scratch
341,276.4816589355469,scratch
342,270.23651123046875,scratch
343,274.26287841796875,scratch
344,294.0653076171875,scratch
345,278.6780700683594,scratch
346,238.12521362304688,scratch
347,254.5643310546875,scratch
348,263.4156494140625,scratch
349,254.79147338867188,scratch
350,262.1877136230469,scratch
351,250.29832458496094,scratch
352,265.5799865722656,scratch
353,268.4042663574219,scratch
354,278.2508850097656,scratch
355,290.5546875,scratch
356,269.8556213378906,scratch
357,279.17669677734375,scratch
358,280.6528625488281,scratch
359,273.26361083984375,scratch
360,272.9391784667969,scratch
361,300.5070495605469,scratch
362,266.0614318847656,scratch
363,271.2638854980469,scratch
364,275.7295837402344,scratch
365,261.08251953125,scratch
366,281.722412109375,scratch
367,270.5567321777344,scratch
368,288.33203125,scratch
369,271.4351806640625,scratch
370,286.8656311035156,scratch
371,283.60345458984375,scratch
372,280.35174560546875,scratch
373,285.3618469238281,scratch
374,277.9617004394531,scratch
375,311.72442626953125,scratch
376,295.20538330078125,scratch
377,238.65919494628906,scratch
378,271.0093688964844,scratch
379,279.78509521484375,scratch
380,287.2409973144531,scratch
381,271.35125732421875,scratch
382,285.5162658691406,scratch
383,285.6566467285156,scratch
384,295.5777893066406,scratch
385,291.9001159667969,scratch
386,286.5615234375,scratch
387,293.84918212890625,scratch
388,297.3219909667969,scratch
389,291.9334411621094,scratch
390,296.9082946777344,scratch
391,298.1825256347656,scratch
392,309.01641845703125,scratch
393,206.32232666015625,scratch
394,290.0357666015625,scratch
395,279.4180908203125,scratch
396,292.99310302734375,scratch
397,294.3983459472656,scratch
398,277.6356506347656,scratch
399,277.6760559082031,scratch
400,279.5776672363281,scratch
401,284.844482421875,scratch
402,293.7596130371094,scratch
403,299.72308349609375,scratch
404,284.15869140625,scratch
405,287.97894287109375,scratch
406,294.9972229003906,scratch
407,246.34666442871094,scratch
408,287.1531982421875,scratch
409,284.7919616699219,scratch
410,254.3907470703125,scratch
411,298.085693359375,scratch
412,294.8279113769531,scratch
413,302.7631530761719,scratch
414,298.10809326171875,scratch
415,289.07623291015625,scratch
416,293.2679138183594,scratch
417,308.9256286621094,scratch
418,282.2781066894531,scratch
419,309.4234619140625,scratch
420,310.4808654785156,scratch
421,303.7901916503906,scratch
422,331.53582763671875,scratch
423,307.92724609375,scratch
424,304.86370849609375,scratch
425,300.6997985839844,scratch
426,297.67767333984375,scratch
427,293.85601806640625,scratch
428,309.1060485839844,scratch
429,288.0647888183594,scratch
430,309.82855224609375,scratch
431,329.51654052734375,scratch
432,317.4898986816406,scratch
433,319.623779296875,scratch
434,320.1369934082031,scratch
435,328.6670227050781,scratch
436,335.684814453125,scratch
437,331.4744567871094,scratch
438,330.51983642578125,scratch
439,339.0923767089844,scratch
440,287.6852111816406,scratch
441,320.9429931640625,scratch
442,329.7104797363281,scratch
443,329.4979553222656,scratch
444,328.9203796386719,scratch
445,323.4184265136719,scratch
446,323.5524597167969,scratch
447,328.3916320800781,scratch
448,322.6103515625,scratch
449,313.8351745605469,scratch
450,331.4692077636719,scratch
451,331.32476806640625,scratch
452,344.7672119140625,scratch
453,341.869140625,scratch
454,311.80670166015625,scratch
455,356.1795654296875,scratch
456,318.3412780761719,scratch
457,318.67852783203125,scratch
458,336.57244873046875,scratch
459,314.88201904296875,scratch
460,315.9013977050781,scratch
461,329.4104919433594,scratch
462,312.3872375488281,scratch
463,338.2933349609375,scratch
464,341.68841552734375,scratch
465,329.2527770996094,scratch
466,333.4363098144531,scratch
467,336.9656982421875,scratch
468,348.4151306152344,scratch
469,372.9000244140625,scratch
470,347.7667236328125,scratch
471,368.8943176269531,scratch
472,352.615478515625,scratch
473,343.2784118652344,scratch
474,349.5088806152344,scratch
475,337.5268859863281,scratch
476,327.4452819824219,scratch
477,334.7294921875,scratch
478,320.13031005859375,scratch
479,340.6520080566406,scratch
480,319.234375,scratch
481,335.5610046386719,scratch
482,313.78680419921875,scratch
483,330.9426574707031,scratch
484,347.68695068359375,scratch
485,352.6959533691406,scratch
486,382.5914611816406,scratch
487,343.422119140625,scratch
488,339.3201599121094,scratch
489,349.8394775390625,scratch
490,324.724365234375,scratch
491,336.3295593261719,scratch
492,336.109375,scratch
493,341.074462890625,scratch
494,318.7719421386719,scratch
495,342.34130859375,scratch
496,380.6753845214844,scratch
497,347.0760498046875,scratch
498,334.5238342285156,scratch
499,326.5024108886719,scratch
500,432.4359130859375,scratch
501,366.6683349609375,scratch
502,386.529052734375,scratch
503,331.1607360839844,scratch
504,346.7787780761719,scratch
505,332.86749267578125,scratch
506,345.4153137207031,scratch
507,340.7644348144531,scratch
508,316.8843688964844,scratch
509,326.30194091796875,scratch
510,305.42572021484375,scratch
511,350.5320739746094,scratch
512,370.80865478515625,scratch
513,347.3546142578125,scratch
514,354.5909729003906,scratch
515,359.9969787597656,scratch
516,341.3614501953125,scratch
517,331.2489929199219,scratch
518,371.4245300292969,scratch
519,332.20849609375,scratch
520,361.30889892578125,scratch
521,369.1798095703125,scratch
522,358.2182312011719,scratch
523,405.54449462890625,scratch
524,375.62109375,scratch
525,430.4574279785156,scratch
526,396.29217529296875,scratch
527,419.2643737792969,scratch
528,394.4703063964844,scratch
529,416.6463928222656,scratch
530,383.0372619628906,scratch
531,391.6880798339844,scratch
532,377.8655700683594,scratch
533,386.7876281738281,scratch
534,413.6012878417969,scratch
535,403.0647888183594,scratch
536,409.13104248046875,scratch
537,397.18719482421875,scratch
538,393.84161376953125,scratch
539,396.6249084472656,scratch
540,401.5617370605469,scratch
541,425.91015625,scratch
542,413.4487609863281,scratch
543,393.1575622558594,scratch
544,390.9105529785156,scratch
545,425.0438537597656,scratch
546,399.081298828125,scratch
547,437.6935119628906,scratch
548,434.2922668457031,scratch
549,429.199462890625,scratch
550,420.33624267578125,scratch
551,428.72796630859375,scratch
552,390.60205078125,scratch
553,420.5585021972656,scratch
554,414.58135986328125,scratch
555,446.1475524902344,scratch
556,460.4024353027344,scratch
557,412.90606689453125,scratch
558,431.2181701660156,scratch
559,434.3914489746094,scratch
560,449.4031982421875,scratch
561,428.2383728027344,scratch
562,437.4693603515625,scratch
563,435.2525634765625,scratch
564,443.4774169921875,scratch
565,435.37933349609375,scratch
566,442.114990234375,scratch
567,462.5491943359375,scratch
568,425.6861267089844,scratch
569,426.0693359375,scratch
570,461.4747314453125,scratch
571,446.2911071777344,scratch
572,455.9370422363281,scratch
573,421.9041442871094,scratch
574,428.8060607910156,scratch
575,458.6922912597656,scratch
576,447.30169677734375,scratch
577,437.42376708984375,scratch
578,488.1107482910156,scratch
579,456.43670654296875,scratch
580,480.6254577636719,scratch
581,493.2597961425781,scratch
582,483.2127380371094,scratch
583,465.60003662109375,scratch
584,469.42181396484375,scratch
585,501.6098327636719,scratch
586,488.4923400878906,scratch
587,473.86859130859375,scratch
588,476.195556640625,scratch
589,458.936767578125,scratch
590,495.8729248046875,scratch
591,499.5912780761719,scratch
592,492.0162658691406,scratch
593,500.45794677734375,scratch
594,527.8472290039062,scratch
595,497.19921875,scratch
596,518.927001953125,scratch
597,499.71124267578125,scratch
598,519.9955444335938,scratch
599,515.2512817382812,scratch
600,513.4458618164062,scratch
601,503.317138671875,scratch
602,550.7564697265625,scratch
603,522.915771484375,scratch
604,542.5947265625,scratch
605,549.4342041015625,scratch
606,539.02978515625,scratch
607,549.6651611328125,scratch
608,526.126220703125,scratch
609,537.91259765625,scratch
610,540.1495971679688,scratch
611,546.8872680664062,scratch
612,506.514892578125,scratch
613,508.93438720703125,scratch
614,506.36749267578125,scratch
615,561.648681640625,scratch
616,552.4109497070312,scratch
617,553.471435546875,scratch
618,539.7275390625,scratch
619,556.3739624023438,scratch
620,544.3965454101562,scratch
621,561.11669921875,scratch
622,538.583984375,scratch
623,552.8864135742188,scratch
624,569.5519409179688,scratch
625,587.18017578125,scratch
626,556.8168334960938,scratch
627,560.998046875,scratch
628,560.5487060546875,scratch
629,591.8170166015625,scratch
630,567.4053955078125,scratch
631,570.47998046875,scratch
632,555.91015625,scratch
633,612.1632080078125,scratch
634,615.209228515625,scratch
635,583.9124755859375,scratch
636,557.740234375,scratch
637,587.0648193359375,scratch
638,626.7579956054688,scratch
639,574.8060913085938,scratch
640,547.5300903320312,scratch
641,585.3313598632812,scratch
642,538.3206787109375,scratch
643,582.1657104492188,scratch
644,653.6941528320312,scratch
645,642.0620727539062,scratch
646,580.474609375,scratch
647,633.8052368164062,scratch
648,574.0730590820312,scratch
649,624.9661865234375,scratch
650,616.8182373046875,scratch
651,612.39794921875,scratch
652,602.979248046875,scratch
653,574.8151245117188,scratch
654,587.0774536132812,scratch
655,578.976806640625,scratch
656,641.5597534179688,scratch
657,607.624267578125,scratch
658,649.8323364257812,scratch
659,603.0267944335938,scratch
660,625.581787109375,scratch
661,644.4756469726562,scratch
662,637.7280883789062,scratch
663,647.8296508789062,scratch
664,642.1297607421875,scratch
665,652.2769775390625,scratch
666,620.8798217773438,scratch
667,614.21923828125,scratch
668,622.2595825195312,scratch
669,659.4119873046875,scratch
670,682.7599487304688,scratch
671,669.6007690429688,scratch
672,641.0897827148438,scratch
673,653.63818359375,scratch
674,656.448486328125,scratch
675,650.8375244140625,scratch
676,628.350341796875,scratch
677,675.9791870117188,scratch
678,674.0944213867188,scratch
679,658.5402221679688,scratch
680,639.0848388671875,scratch
681,705.2171630859375,scratch
682,688.3827514648438,scratch
683,698.438720703125,scratch
684,679.364013671875,scratch
685,719.0648193359375,scratch
686,698.4462280273438,scratch
687,741.9815673828125,scratch
688,724.3242797851562,scratch
689,730.8322143554688,scratch
690,755.498046875,scratch
691,713.0579223632812,scratch
692,772.3531494140625,scratch
693,773.3009643554688,scratch
694,786.9403686523438,scratch
695,749.8883666992188,scratch
696,755.7760620117188,scratch
697,733.05615234375,scratch
698,731.3103637695312,scratch
699,747.5140991210938,scratch
700,798.0577392578125,scratch
701,759.396484375,scratch
702,788.3831176757812,scratch
703,774.681396484375,scratch
704,773.0789184570312,scratch
705,748.3789672851562,scratch
706,783.9995727539062,scratch
707,794.9315185546875,scratch
708,711.4075927734375,scratch
709,790.5193481445312,scratch
710,688.4888916015625,scratch
711,732.1605224609375,scratch
712,767.5601196289062,scratch
713,722.1832275390625,scratch
714,738.7879638671875,scratch
715,804.0698852539062,scratch
716,817.4309692382812,scratch
717,825.0757446289062,scratch
718,823.9267578125,scratch
719,824.9857177734375,scratch
720,795.2755737304688,scratch
721,848.7199096679688,scratch
722,842.7943725585938,scratch
723,857.0172729492188,scratch
724,907.1511840820312,scratch
725,940.5537719726562,scratch
726,881.9237060546875,scratch
727,831.720458984375,scratch
728,899.3472900390625,scratch
729,871.6300048828125,scratch
730,950.75244140625,scratch
731,967.2811279296875,scratch
732,1007.9799194335938,scratch
733,979.4552001953125,scratch
734,995.5994262695312,scratch
735,999.7413940429688,scratch
736,951.6263427734375,scratch
737,1068.0859375,scratch
738,1006.39697265625,scratch
739,959.401611328125,scratch
740,1070.1416015625,scratch
741,1149.637451171875,scratch
742,1010.9481811523438,scratch
743,1016.4570922851562,scratch
744,1089.1927490234375,scratch
745,1030.66845703125,scratch
746,1038.01953125,scratch
747,1153.1253662109375,scratch
748,1280.3524169921875,scratch
749,1341.8382568359375,scratch
750,1132.3502197265625,scratch
751,1328.839599609375,scratch
752,1185.1693115234375,scratch
753,1343.5107421875,scratch
754,1294.843505859375,scratch
755,1474.6571044921875,scratch
756,1234.264892578125,scratch
757,1387.9190673828125,scratch
758,1269.769775390625,scratch
759,1360.5889892578125,scratch
760,1466.677490234375,scratch
761,1467.215576171875,scratch
762,1476.0423583984375,scratch
763,1485.46630859375,scratch
764,1568.2728271484375,scratch
765,1521.5499267578125,scratch
766,1613.1402587890625,scratch
767,1615.005859375,scratch
768,1598.87255859375,scratch
769,1612.6357421875,scratch
770,1652.46435546875,scratch
771,1492.0992431640625,scratch
772,1603.000244140625,scratch
773,1488.176513671875,scratch
774,1576.177978515625,scratch
775,1541.809326171875,scratch
776,1553.1884765625,scratch
777,1755.18212890625,scratch
778,1591.743408203125,scratch
779,1637.2923583984375,scratch
780,1560.8116455078125,scratch
781,1661.5489501953125,scratch
782,1695.0147705078125,scratch
783,1614.6480712890625,scratch
784,1681.60888671875,scratch
785,1660.3421630859375,scratch
786,1755.2156982421875,scratch
787,1725.4420166015625,scratch
788,1628.39404296875,scratch
789,1725.2464599609375,scratch
790,1709.7640380859375,scratch
791,1643.5718994140625,scratch
792,1699.4444580078125,scratch
793,1736.54248046875,scratch
794,1726.1072998046875,scratch
795,1761.2646484375,scratch
796,1633.448974609375,scratch
797,1762.401611328125,scratch
798,1678.951416015625,scratch
799,1713.926513671875,scratch
800,1627.40234375,scratch
801,1717.1529541015625,scratch
802,1701.6231689453125,scratch
803,1601.159423828125,scratch
804,1731.7071533203125,scratch
805,1889.5880126953125,scratch
806,1778.757568359375,scratch
807,1816.69189453125,scratch
808,1767.60546875,scratch
809,1789.87060546875,scratch
810,1636.0302734375,scratch
811,1677.6357421875,scratch
812,1828.6361083984375,scratch
813,1756.047607421875,scratch
814,1821.3519287109375,scratch
815,1866.147216796875,scratch
816,1762.5860595703125,scratch
817,1616.558349609375,scratch
818,1596.675048828125,scratch
819,1789.6923828125,scratch
820,1768.1217041015625,scratch
821,1831.3389892578125,scratch
822,1869.2210693359375,scratch
823,1867.8184814453125,scratch
824,1856.46875,scratch
825,1973.1123046875,scratch
826,2022.992431640625,scratch
827,1941.339111328125,scratch
828,1817.0401611328125,scratch
829,1706.4510498046875,scratch
830,1824.0997314453125,scratch
831,1771.0318603515625,scratch
832,1825.595458984375,scratch
833,2005.830322265625,scratch
834,1933.3726806640625,scratch
835,1854.3853759765625,scratch
836,2114.5009765625,scratch
837,1976.7728271484375,scratch
838,1938.1182861328125,scratch
839,1878.815185546875,scratch
840,2012.7908935546875,scratch
841,1945.93212890625,scratch
842,1960.2271728515625,scratch
843,2116.63623046875,scratch
844,1994.1357421875,scratch
845,1949.00830078125,scratch
846,2061.880615234375,scratch
847,1917.73388671875,scratch
848,1973.9234619140625,scratch
849,2083.894287109375,scratch
850,1923.23486328125,scratch
851,1918.4329833984375,scratch
852,2094.753173828125,scratch
853,1952.7996826171875,scratch
854,2062.914306640625,scratch
855,1946.79736328125,scratch
856,1797.71337890625,scratch
857,1970.98046875,scratch
858,2104.385498046875,scratch
859,2102.93994140625,scratch
860,1935.2972412109375,scratch
861,2133.56982421875,scratch
862,2136.144287109375,scratch
863,2020.713623046875,scratch
864,1932.4971923828125,scratch
865,2246.025634765625,scratch
866,2082.052001953125,scratch
867,1961.5501708984375,scratch
868,2112.795654296875,scratch
869,2034.5919189453125,scratch
870,2116.955810546875,scratch
871,2058.817138671875,scratch
872,2046.83935546875,scratch
873,2138.2421875,scratch
874,2110.61572265625,scratch
875,2179.9736328125,scratch
876,2231.5859375,scratch
877,2110.244873046875,scratch
878,2108.59912109375,scratch
879,2094.2177734375,scratch
880,2004.26513671875,scratch
881,2107.044921875,scratch
882,2014.6082763671875,scratch
883,2107.01904296875,scratch
884,2088.2138671875,scratch
885,2104.423828125,scratch
886,2201.015380859375,scratch
887,2008.971923828125,scratch
888,2087.757080078125,scratch
889,2138.383544921875,scratch
890,2181.778076171875,scratch
891,2175.130126953125,scratch
892,2151.2490234375,scratch
893,2155.249755859375,scratch
894,2073.321533203125,scratch
895,2214.159423828125,scratch
896,2175.028076171875,scratch
897,1960.409912109375,scratch
898,2180.571533203125,scratch
899,2137.7841796875,scratch
900,2043.874755859375,scratch
901,2067.814453125,scratch
902,2079.242431640625,scratch
903,2125.37646484375,scratch
904,2150.46044921875,scratch
905,2075.1708984375,scratch
906,2122.06591796875,scratch
907,2151.562744140625,scratch
908,2153.952880859375,scratch
909,2086.86083984375,scratch
910,2101.767578125,scratch
911,2087.44677734375,scratch
912,2181.216064453125,scratch
913,2153.88916015625,scratch
914,2208.267578125,scratch
915,2102.14208984375,scratch
916,2055.09765625,scratch
917,2116.476806640625,scratch
918,2156.229248046875,scratch
919,2100.865234375,scratch
920,1976.9012451171875,scratch
921,2121.416015625,scratch
922,1983.955078125,scratch
923,1930.7657470703125,scratch
924,2194.504150390625,scratch
925,2080.01416015625,scratch
926,2214.652099609375,scratch
927,2177.96875,scratch
928,2149.871826171875,scratch
929,2107.2685546875,scratch
930,2070.4228515625,scratch
931,2119.6337890625,scratch
932,2065.856689453125,scratch
933,2184.650146484375,scratch
934,2128.877197265625,scratch
935,2092.110595703125,scratch
936,2030.438720703125,scratch
937,2135.072265625,scratch
938,2113.720947265625,scratch
939,2097.24658203125,scratch
940,2100.867431640625,scratch
941,2088.56591796875,scratch
942,2136.652099609375,scratch
943,2117.47900390625,scratch
944,2184.736328125,scratch
945,2139.675048828125,scratch
946,2136.823486328125,scratch
947,2154.43994140625,scratch
948,2208.4033203125,scratch
949,2127.77734375,scratch
950,2118.5283203125,scratch
951,2191.662353515625,scratch
952,2280.50146484375,scratch
953,2141.34326171875,scratch
954,2082.26025390625,scratch
955,2151.160400390625,scratch
956,2136.06982421875,scratch
957,2158.1484375,scratch
958,2083.18310546875,scratch
959,2214.637451171875,scratch
960,2105.062255859375,scratch
961,2090.295166015625,scratch
962,2136.358154296875,scratch
963,2207.576904296875,scratch
964,2117.43798828125,scratch
965,2156.327880859375,scratch
966,2199.579345703125,scratch
967,2194.961181640625,scratch
968,2202.562744140625,scratch
969,2160.83251953125,scratch
970,2151.736328125,scratch
971,2139.96142578125,scratch
972,2156.337158203125,scratch
973,2163.049560546875,scratch
974,2252.767333984375,scratch
975,2192.422607421875,scratch
976,2125.028564453125,scratch
977,2139.18212890625,scratch
978,2143.47265625,scratch
979,2162.541015625,scratch
980,2155.19384765625,scratch
981,2048.56396484375,scratch
982,2159.368408203125,scratch
983,2169.54443359375,scratch
984,2208.00634765625,scratch
985,2240.28955078125,scratch
986,2152.229248046875,scratch
987,2185.61474609375,scratch
988,2197.100830078125,scratch
989,2055.044677734375,scratch
990,2157.796142578125,scratch
991,2079.384765625,scratch
992,2102.6396484375,scratch
993,2105.25927734375,scratch
994,2233.78466796875,scratch
995,2239.60888671875,scratch
996,2230.9365234375,scratch
997,2091.069091796875,scratch
998,2183.120361328125,scratch
999,2187.088623046875,scratch
1000,2194.25634765625,scratch
1001,9.353740692138672,resumed
1002,90.99317169189453,resumed
1003,250.42652893066406,resumed
1004,400.3473205566406,resumed
1005,552.583984375,resumed
1006,685.4674072265625,resumed
1007,814.1874389648438,resumed
1008,982.0910034179688,resumed
1009,1122.0595703125,resumed
1010,1304.0240478515625,resumed
1011,1452.51025390625,resumed
1012,1570.982666015625,resumed
1013,1706.042724609375,resumed
1014,1890.0189208984375,resumed
1015,1967.417724609375,resumed
1016,2187.657958984375,resumed
1017,2090.955078125,resumed
1018,2161.58154296875,resumed
1019,2293.795654296875,resumed
1020,2133.719970703125,resumed
1021,2220.122314453125,resumed
1022,2290.859619140625,resumed
1023,2285.48388671875,resumed
1024,2167.045166015625,resumed
1025,2222.458740234375,resumed
1026,2222.048583984375,resumed
1027,2236.89453125,resumed
1028,2148.782470703125,resumed
1029,2188.435546875,resumed
1030,2279.243896484375,resumed
1031,2217.69580078125,resumed
1032,2272.646728515625,resumed
1033,2188.06884765625,resumed
1034,2191.602783203125,resumed
1035,2282.36669921875,resumed
1036,2222.7685546875,resumed
1037,2191.246337890625,resumed
1038,2221.630615234375,resumed
1039,2243.3857421875,resumed
1040,2228.69091796875,resumed
1041,2198.50390625,resumed
1042,2279.570556640625,resumed
1043,2265.395751953125,resumed
1044,2255.05126953125,resumed
1045,2188.049560546875,resumed
1046,2278.00244140625,resumed
1047,2337.84326171875,resumed
1048,2222.993896484375,resumed
1049,2273.26953125,resumed
1050,2276.853515625,resumed
1051,2305.586669921875,resumed
1052,2286.462646484375,resumed
1053,2281.994384765625,resumed
1054,2266.28857421875,resumed
1055,2175.042236328125,resumed
1056,2241.15478515625,resumed
1057,2333.268310546875,resumed
1058,2166.423828125,resumed
1059,2141.220947265625,resumed
1060,2185.7529296875,resumed
1061,2216.348388671875,resumed
1062,2195.376220703125,resumed
1063,2237.8955078125,resumed
1064,2179.450927734375,resumed
1065,2197.741943359375,resumed
1066,2230.325927734375,resumed
1067,2265.479248046875,resumed
1068,2321.85888671875,resumed
1069,2202.844482421875,resumed
1070,2210.618408203125,resumed
1071,2232.521728515625,resumed
1072,2304.204833984375,resumed
1073,2258.446533203125,resumed
1074,2319.51123046875,resumed
1075,2163.26416015625,resumed
1076,2290.258544921875,resumed
1077,2249.566650390625,resumed
1078,2154.696533203125,resumed
1079,2206.5615234375,resumed
1080,2248.01318359375,resumed
1081,2251.72265625,resumed
1082,2226.74560546875,resumed
1083,2249.2099609375,resumed
1084,2284.661376953125,resumed
1085,2228.0380859375,resumed
1086,2260.107177734375,resumed
1087,2177.5166015625,resumed
1088,2233.550048828125,resumed
1089,2205.525390625,resumed
1090,2218.1650390625,resumed
1091,2246.94189453125,resumed
1092,2207.515625,resumed
1093,2258.94189453125,resumed
1094,2182.108642578125,resumed
1095,2174.28857421875,resumed
1096,2220.688232421875,resumed
1097,2272.58837890625,resumed
1098,2140.8291015625,resumed
1099,2274.598388671875,resumed
1100,2189.6982421875,resumed
1101,2149.83203125,resumed
1102,2182.50927734375,resumed
1103,2182.027587890625,resumed
1104,2212.412353515625,resumed
1105,2023.948486328125,resumed
1106,2215.781982421875,resumed
1107,2239.511962890625,resumed
1108,2244.238037109375,resumed
1109,2247.293701171875,resumed
1110,2208.197265625,resumed
1111,2314.60693359375,resumed
1112,2287.226318359375,resumed
1113,2159.41650390625,resumed
1114,2289.02294921875,resumed
1115,2267.474853515625,resumed
1116,2179.040771484375,resumed
1117,2253.0009765625,resumed
1118,2167.55322265625,resumed
1119,2209.1767578125,resumed
1120,2163.392822265625,resumed
1121,2203.71142578125,resumed
1122,2205.86962890625,resumed
1123,2283.28564453125,resumed
1124,2293.709228515625,resumed
1125,2238.086669921875,resumed
1126,2288.998046875,resumed
1127,2258.969482421875,resumed
1128,2198.090087890625,resumed
1129,2313.537109375,resumed
1130,2217.694091796875,resumed
1131,2180.551513671875,resumed
1132,2265.892822265625,resumed
1133,2236.330810546875,resumed
1134,2265.35107421875,resumed
1135,2162.41259765625,resumed
1136,2273.490966796875,resumed
1137,2350.09716796875,resumed
1138,2186.6982421875,resumed
1139,2253.272216796875,resumed
1140,2248.03466796875,resumed
1141,2242.86767578125,resumed
1142,2228.17236328125,resumed
1143,2086.380126953125,resumed
1144,2231.24755859375,resumed
1145,2265.751708984375,resumed
1146,2318.248779296875,resumed
1147,2290.7236328125,resumed
1148,2253.865478515625,resumed
1149,2212.21484375,resumed
1150,2259.1396484375,resumed
1151,2273.748779296875,resumed
1152,2283.051513671875,resumed
1153,2237.02099609375,resumed
1154,2260.9306640625,resumed
1155,2272.031005859375,resumed
1156,2225.2578125,resumed
1157,2316.35400390625,resumed
1158,2245.833251953125,resumed
1159,2291.162109375,resumed
1160,2226.227294921875,resumed
1161,2225.47119140625,resumed
1162,2315.674072265625,resumed
1163,2277.11572265625,resumed
1164,2295.00927734375,resumed
1165,2281.412353515625,resumed
1166,2273.609130859375,resumed
1167,2241.33642578125,resumed
1168,2185.71728515625,resumed
1169,2173.6875,resumed
1170,2274.6396484375,resumed
1171,2198.01513671875,resumed
1172,2220.518798828125,resumed
1173,2252.218017578125,resumed
1174,2285.8037109375,resumed
1175,2305.59326171875,resumed
1176,2252.88427734375,resumed
1177,2266.984375,resumed
1178,2290.925048828125,resumed
1179,2237.11181640625,resumed
1180,2253.903564453125,resumed
1181,2284.428466796875,resumed
1182,2250.020263671875,resumed
1183,2294.3447265625,resumed
1184,2238.4931640625,resumed
1185,2290.709716796875,resumed
1186,2229.089111328125,resumed
1187,2239.054931640625,resumed
1188,2198.37890625,resumed
1189,2286.282470703125,resumed
1190,2301.1875,resumed
1191,2181.2080078125,resumed
1192,2273.22900390625,resumed
1193,2254.69384765625,resumed
1194,2210.307861328125,resumed
1195,2232.30419921875,resumed
1196,2272.693603515625,resumed
1197,2153.251220703125,resumed
1198,2180.865966796875,resumed
1199,2149.227783203125,resumed
1200,2184.81884765625,resumed
1201,2216.552001953125,resumed
1202,2208.848388671875,resumed
1203,2242.14599609375,resumed
1204,2228.065185546875,resumed
1205,2119.5673828125,resumed
1206,2209.1474609375,resumed
1207,2242.8974609375,resumed
1208,2264.407470703125,resumed
1209,2140.982666015625,resumed
1210,2218.03759765625,resumed
1211,2250.55419921875,resumed
1212,2285.73583984375,resumed
1213,2260.8955078125,resumed
1214,2183.643798828125,resumed
1215,2259.817626953125,resumed
1216,2251.18896484375,resumed
1217,2236.5927734375,resumed
1218,2263.796875,resumed
1219,2245.548828125,resumed
1220,2235.233154296875,resumed
1221,2200.021728515625,resumed
1222,2298.713134765625,resumed
1223,2326.533935546875,resumed
1224,2229.515625,resumed
1225,2250.23828125,resumed
1226,2313.569580078125,resumed
1227,2227.23046875,resumed
1228,2237.422119140625,resumed
1229,2315.531494140625,resumed
1230,2257.55517578125,resumed
1231,2235.120361328125,resumed
1232,2226.66162109375,resumed
1233,2268.813232421875,resumed
1234,2193.69189453125,resumed
1235,2197.709228515625,resumed
1236,2176.00830078125,resumed
1237,2252.365234375,resumed
1238,2179.513916015625,resumed
1239,2193.21435546875,resumed
1240,2242.550048828125,resumed
1241,2273.968017578125,resumed
1242,2294.850830078125,resumed
1243,2255.244873046875,resumed
1244,2239.766357421875,resumed
1245,2268.295654296875,resumed
1246,2247.719482421875,resumed
1247,2309.4150390625,resumed
1248,2209.837158203125,resumed
1249,2249.072265625,resumed
1250,2284.050048828125,resumed
1251,2282.0498046875,resumed
1252,2214.2705078125,resumed
1253,2245.296142578125,resumed
1254,2150.717041015625,resumed
1255,2164.9140625,resumed
1256,2233.995361328125,resumed
1257,2231.55859375,resumed
1258,2187.605712890625,resumed
1259,2320.336669921875,resumed
1260,2254.828125,resumed
1261,2273.71484375,resumed
1262,2334.207275390625,resumed
1263,2284.715576171875,resumed
1264,2220.846923828125,resumed
1265,2276.16162109375,resumed
1266,2198.164306640625,resumed
1267,2239.6572265625,resumed
1268,2188.11767578125,resumed
1269,2169.556396484375,resumed
1270,2233.04248046875,resumed
1271,2232.733642578125,resumed
1272,2181.350830078125,resumed
1273,2326.185302734375,resumed
1274,2204.864990234375,resumed
1275,2180.866943359375,resumed
1276,2258.48486328125,resumed
1277,2221.095458984375,resumed
1278,2195.38671875,resumed
1279,2228.126220703125,resumed
1280,2141.60498046875,resumed
1281,2191.708740234375,resumed
1282,2250.947998046875,resumed
1283,2208.3759765625,resumed
1284,2241.89990234375,resumed
1285,2259.278564453125,resumed
1286,2228.22802734375,resumed
1287,2201.70458984375,resumed
1288,2210.361572265625,resumed
1289,2181.96435546875,resumed
1290,2247.77001953125,resumed
1291,2319.67431640625,resumed
1292,2281.077392578125,resumed
1293,2265.90087890625,resumed
1294,2208.32177734375,resumed
1295,2196.171142578125,resumed
1296,2197.4541015625,resumed
1297,2268.748291015625,resumed
1298,2223.6142578125,resumed
1299,2231.833984375,resumed
1300,2140.6826171875,resumed
1301,2286.805908203125,resumed
1302,2106.8828125,resumed
1303,2241.400146484375,resumed
1304,2220.61083984375,resumed
1305,2188.91357421875,resumed
1306,2195.63818359375,resumed
1307,2225.786865234375,resumed
1308,2185.2138671875,resumed
1309,2216.454833984375,resumed
1310,2293.8994140625,resumed
1311,2212.732666015625,resumed
1312,2201.323486328125,resumed
1313,2244.093505859375,resumed
1314,2271.358154296875,resumed
1315,2250.642822265625,resumed
1316,2214.406005859375,resumed
1317,2225.849853515625,resumed
1318,2179.245849609375,resumed
1319,2177.011962890625,resumed
1320,2153.6005859375,resumed
1321,2142.976806640625,resumed
1322,2197.891845703125,resumed
1323,2317.734375,resumed
1324,2258.740478515625,resumed
1325,2180.99560546875,resumed
1326,2201.3837890625,resumed
1327,2287.298828125,resumed
1328,2281.352294921875,resumed
1329,2228.10888671875,resumed
1330,2240.826904296875,resumed
1331,2147.605224609375,resumed
1332,2186.61865234375,resumed
1333,2284.531982421875,resumed
1334,2232.839111328125,resumed
1335,2129.09912109375,resumed
1336,2241.414794921875,resumed
1337,2244.72265625,resumed
1338,2278.130859375,resumed
1339,2246.752685546875,resumed
1340,2247.39208984375,resumed
1341,2171.728759765625,resumed
1342,2308.110595703125,resumed
1343,2263.806640625,resumed
1344,2343.4287109375,resumed
1345,2287.826904296875,resumed
1346,2207.573486328125,resumed
1347,2156.05615234375,resumed
1348,2266.522216796875,resumed
1349,2229.55517578125,resumed
1350,2272.218994140625,resumed
1351,2295.49560546875,resumed
1352,2239.947509765625,resumed
1353,2285.349365234375,resumed
1354,2330.55126953125,resumed
1355,2271.08447265625,resumed
1356,2291.7158203125,resumed
1357,2242.23974609375,resumed
1358,2202.64599609375,resumed
1359,2259.1552734375,resumed
1360,2217.182373046875,resumed
1361,2308.305419921875,resumed
1362,2260.58056640625,resumed
1363,2131.878662109375,resumed
1364,2250.231689453125,resumed
1365,2236.814208984375,resumed
1366,2199.91064453125,resumed
1367,2223.0498046875,resumed
1368,2130.75439453125,resumed
1369,2185.517333984375,resumed
1370,2235.998779296875,resumed
1371,2297.810791015625,resumed
1372,2213.75927734375,resumed
1373,2195.932373046875,resumed
1374,2307.388916015625,resumed
1375,2174.603759765625,resumed
1376,2273.07275390625,resumed
1377,2211.62646484375,resumed
1378,2207.420654296875,resumed
1379,2270.65771484375,resumed
1380,2274.620361328125,resumed
1381,2333.279296875,resumed
1382,2309.708984375,resumed
1383,2264.255126953125,resumed
1384,2184.8173828125,resumed
1385,2274.388427734375,resumed
1386,2275.068359375,resumed
1387,2232.95654296875,resumed
1388,2218.381103515625,resumed
1389,2288.399169921875,resumed
1390,2139.403564453125,resumed
1391,2196.190185546875,resumed
1392,2304.881591796875,resumed
1393,2273.641845703125,resumed
1394,2306.576171875,resumed
1395,2275.1826171875,resumed
1396,2296.13134765625,resumed
1397,2090.376708984375,resumed
1398,2190.6806640625,resumed
1399,2221.011962890625,resumed
1400,2180.76416015625,resumed
1401,2255.83447265625,resumed
1402,2176.4580078125,resumed
1403,2121.07421875,resumed
1404,2143.139404296875,resumed
1405,2175.663330078125,resumed
1406,2223.4833984375,resumed
1407,2222.575439453125,resumed
1408,2192.82470703125,resumed
1409,2216.5634765625,resumed
1410,2267.393310546875,resumed
1411,2157.05419921875,resumed
1412,2278.461181640625,resumed
1413,2279.947998046875,resumed
1414,2262.132080078125,resumed
1415,2300.05078125,resumed
1416,2193.55810546875,resumed
1417,2139.15380859375,resumed
1418,2221.71435546875,resumed
1419,2248.618896484375,resumed
1420,2199.884033203125,resumed
1421,2217.175048828125,resumed
1422,2173.15771484375,resumed
1423,2224.730712890625,resumed
1424,2185.500732421875,resumed
1425,2296.04541015625,resumed
1426,2198.291015625,resumed
1427,2214.431396484375,resumed
1428,2217.948486328125,resumed
1429,2145.1689453125,resumed
1430,2219.128173828125,resumed
1431,2267.38427734375,resumed
1432,2170.889892578125,resumed
1433,2268.349853515625,resumed
1434,2247.578369140625,resumed
1435,2187.128173828125,resumed
1436,2220.151611328125,resumed
1437,2204.026611328125,resumed
1438,2241.293212890625,resumed
1439,2245.5341796875,resumed
1440,2214.802001953125,resumed
1441,2210.25732421875,resumed
1442,2057.332763671875,resumed
1443,2217.90087890625,resumed
1444,2227.8759765625,resumed
1445,2140.488037109375,resumed
1446,2171.6826171875,resumed
1447,2247.22900390625,resumed
1448,2289.860107421875,resumed
1449,2271.072265625,resumed
1450,2249.8125,resumed
1451,2295.235107421875,resumed
1452,2299.89794921875,resumed
1453,2357.55419921875,resumed
1454,2316.710205078125,resumed
1455,2229.61474609375,resumed
1456,2225.732421875,resumed
1457,2301.906005859375,resumed
1458,2281.572021484375,resumed
1459,2281.7529296875,resumed
1460,2184.15869140625,resumed
1461,2331.2060546875,resumed
1462,2323.8134765625,resumed
1463,2301.26708984375,resumed
1464,2276.11376953125,resumed
1465,2241.06591796875,resumed
1466,2285.3896484375,resumed
1467,2243.611572265625,resumed
1468,2280.58349609375,resumed
1469,2293.218017578125,resumed
1470,2230.945068359375,resumed
1471,2213.34716796875,resumed
1472,2311.00634765625,resumed
1473,2251.970458984375,resumed
1474,2303.8759765625,resumed
1475,2210.60009765625,resumed
1476,2196.536376953125,resumed
1477,2234.853271484375,resumed
1478,2244.593505859375,resumed
1479,2196.466064453125,resumed
1480,2193.35546875,resumed
1481,2296.61328125,resumed
1482,2239.816162109375,resumed
1483,2262.91650390625,resumed
1484,2293.7763671875,resumed
1485,2334.037841796875,resumed
1486,2276.183837890625,resumed
1487,2178.6474609375,resumed
1488,2142.890869140625,resumed
1489,2211.076416015625,resumed
1490,2218.374755859375,resumed
1491,2216.585693359375,resumed
1492,2283.545654296875,resumed
1493,2249.39306640625,resumed
1494,2298.977294921875,resumed
1495,2264.003662109375,resumed
1496,2248.75439453125,resumed
1497,2314.540771484375,resumed
1498,2352.602294921875,resumed
1499,2265.79443359375,resumed
1500,2192.170654296875,resumed
